unique_id,ds,y
Austria,2015-01-01,22.34
Austria,2015-01-02,22.34
Austria,2015-01-03,22.34
Austria,2015-01-04,22.34
Austria,2015-01-05,36.18
Austria,2015-01-06,33.67
Austria,2015-01-07,38.59
Austria,2015-01-08,28.05
Austria,2015-01-09,24.48
Austria,2015-01-10,12.15
Austria,2015-01-11,1.49
Austria,2015-01-12,22.56
Austria,2015-01-13,24.97
Austria,2015-01-14,27.68
Austria,2015-01-15,24.76
Austria,2015-01-16,33.89
Austria,2015-01-17,31.26
Austria,2015-01-18,27.18
Austria,2015-01-19,42.75
Austria,2015-01-20,47.0
Austria,2015-01-21,44.93
Austria,2015-01-22,43.88
Austria,2015-01-23,42.26
Austria,2015-01-24,29.56
Austria,2015-01-25,28.43
Austria,2015-01-26,37.23
Austria,2015-01-27,33.21
Austria,2015-01-28,27.47
Austria,2015-01-29,26.93
Austria,2015-01-30,38.29
Austria,2015-01-31,29.78
Austria,2015-02-01,29.24
Austria,2015-02-02,42.47
Austria,2015-02-03,45.76
Austria,2015-02-04,48.49
Austria,2015-02-05,43.57
Austria,2015-02-06,39.29
Austria,2015-02-07,25.52
Austria,2015-02-08,13.33
Austria,2015-02-09,27.93
Austria,2015-02-10,44.4
Austria,2015-02-11,48.58
Austria,2015-02-12,48.15
Austria,2015-02-13,38.61
Austria,2015-02-14,32.74
Austria,2015-02-15,29.27
Austria,2015-02-16,35.63
Austria,2015-02-17,43.0
Austria,2015-02-18,43.22
Austria,2015-02-19,37.92
Austria,2015-02-20,30.91
Austria,2015-02-21,30.69
Austria,2015-02-22,32.76
Austria,2015-02-23,31.98
Austria,2015-02-24,34.8
Austria,2015-02-25,44.33
Austria,2015-02-26,37.12
Austria,2015-02-27,38.94
Austria,2015-02-28,28.81
Austria,2015-03-01,11.01
Austria,2015-03-02,26.57
Austria,2015-03-03,27.61
Austria,2015-03-04,26.21
Austria,2015-03-05,36.6
Austria,2015-03-06,40.09
Austria,2015-03-07,28.0
Austria,2015-03-08,22.82
Austria,2015-03-09,39.09
Austria,2015-03-10,37.77
Austria,2015-03-11,34.96
Austria,2015-03-12,39.37
Austria,2015-03-13,36.8
Austria,2015-03-14,31.98
Austria,2015-03-15,27.19
Austria,2015-03-16,30.86
Austria,2015-03-17,32.12
Austria,2015-03-18,36.51
Austria,2015-03-19,37.35
Austria,2015-03-20,35.3
Austria,2015-03-21,30.47
Austria,2015-03-22,26.33
Austria,2015-03-23,41.37
Austria,2015-03-24,48.2
Austria,2015-03-25,39.3
Austria,2015-03-26,40.83
Austria,2015-03-27,33.6
Austria,2015-03-28,26.4
Austria,2015-03-29,9.84
Austria,2015-03-30,18.7
Austria,2015-03-31,16.97
Austria,2015-04-01,20.68
Austria,2015-04-02,32.05
Austria,2015-04-03,24.14
Austria,2015-04-04,28.09
Austria,2015-04-05,25.26
Austria,2015-04-06,26.43
Austria,2015-04-07,36.03
Austria,2015-04-08,42.18
Austria,2015-04-09,42.25
Austria,2015-04-10,35.66
Austria,2015-04-11,19.62
Austria,2015-04-12,0.08
Austria,2015-04-13,24.07
Austria,2015-04-14,32.05
Austria,2015-04-15,27.1
Austria,2015-04-16,34.64
Austria,2015-04-17,37.35
Austria,2015-04-18,26.45
Austria,2015-04-19,23.48
Austria,2015-04-20,32.68
Austria,2015-04-21,30.2
Austria,2015-04-22,36.13
Austria,2015-04-23,34.55
Austria,2015-04-24,33.28
Austria,2015-04-25,26.2
Austria,2015-04-26,23.42
Austria,2015-04-27,35.27
Austria,2015-04-28,36.82
Austria,2015-04-29,32.33
Austria,2015-04-30,34.86
Austria,2015-05-01,23.09
Austria,2015-05-02,25.98
Austria,2015-05-03,16.15
Austria,2015-05-04,31.94
Austria,2015-05-05,26.77
Austria,2015-05-06,25.46
Austria,2015-05-07,28.78
Austria,2015-05-08,29.37
Austria,2015-05-09,15.62
Austria,2015-05-10,3.98
Austria,2015-05-11,29.49
Austria,2015-05-12,29.05
Austria,2015-05-13,26.72
Austria,2015-05-14,20.27
Austria,2015-05-15,30.59
Austria,2015-05-16,19.4
Austria,2015-05-17,13.11
Austria,2015-05-18,30.0
Austria,2015-05-19,29.27
Austria,2015-05-20,34.76
Austria,2015-05-21,34.12
Austria,2015-05-22,31.16
Austria,2015-05-23,23.98
Austria,2015-05-24,19.52
Austria,2015-05-25,24.18
Austria,2015-05-26,32.9
Austria,2015-05-27,32.2
Austria,2015-05-28,30.48
Austria,2015-05-29,30.57
Austria,2015-05-30,21.56
Austria,2015-05-31,14.75
Austria,2015-06-01,32.2
Austria,2015-06-02,21.19
Austria,2015-06-03,29.51
Austria,2015-06-04,28.14
Austria,2015-06-05,29.48
Austria,2015-06-06,23.13
Austria,2015-06-07,18.5
Austria,2015-06-08,30.71
Austria,2015-06-09,34.03
Austria,2015-06-10,32.46
Austria,2015-06-11,35.97
Austria,2015-06-12,34.97
Austria,2015-06-13,25.62
Austria,2015-06-14,18.92
Austria,2015-06-15,32.35
Austria,2015-06-16,37.36
Austria,2015-06-17,31.52
Austria,2015-06-18,32.56
Austria,2015-06-19,32.63
Austria,2015-06-20,27.59
Austria,2015-06-21,23.49
Austria,2015-06-22,33.45
Austria,2015-06-23,31.61
Austria,2015-06-24,31.12
Austria,2015-06-25,36.55
Austria,2015-06-26,36.04
Austria,2015-06-27,28.64
Austria,2015-06-28,21.94
Austria,2015-06-29,35.96
Austria,2015-06-30,35.63
Austria,2015-07-01,33.42
Austria,2015-07-02,34.02
Austria,2015-07-03,45.14
Austria,2015-07-04,33.25
Austria,2015-07-05,28.0
Austria,2015-07-06,38.69
Austria,2015-07-07,47.51
Austria,2015-07-08,29.37
Austria,2015-07-09,28.8
Austria,2015-07-10,33.18
Austria,2015-07-11,32.64
Austria,2015-07-12,27.74
Austria,2015-07-13,40.97
Austria,2015-07-14,42.38
Austria,2015-07-15,47.61
Austria,2015-07-16,45.38
Austria,2015-07-17,38.41
Austria,2015-07-18,37.48
Austria,2015-07-19,28.68
Austria,2015-07-20,42.88
Austria,2015-07-21,45.61
Austria,2015-07-22,46.54
Austria,2015-07-23,47.47
Austria,2015-07-24,43.98
Austria,2015-07-25,13.85
Austria,2015-07-26,13.17
Austria,2015-07-27,30.68
Austria,2015-07-28,24.75
Austria,2015-07-29,27.04
Austria,2015-07-30,25.15
Austria,2015-07-31,30.58
Austria,2015-08-01,21.75
Austria,2015-08-02,17.58
Austria,2015-08-03,29.46
Austria,2015-08-04,33.47
Austria,2015-08-05,34.76
Austria,2015-08-06,34.48
Austria,2015-08-07,34.2
Austria,2015-08-08,28.02
Austria,2015-08-09,27.21
Austria,2015-08-10,34.36
Austria,2015-08-11,38.78
Austria,2015-08-12,37.53
Austria,2015-08-13,33.8
Austria,2015-08-14,30.97
Austria,2015-08-15,32.42
Austria,2015-08-16,29.92
Austria,2015-08-17,40.41
Austria,2015-08-18,37.84
Austria,2015-08-19,39.39
Austria,2015-08-20,36.9
Austria,2015-08-21,32.56
Austria,2015-08-22,26.38
Austria,2015-08-23,16.64
Austria,2015-08-24,30.83
Austria,2015-08-25,26.75
Austria,2015-08-26,28.64
Austria,2015-08-27,31.88
Austria,2015-08-28,41.32
Austria,2015-08-29,29.7
Austria,2015-08-30,26.6
Austria,2015-08-31,35.45
Austria,2015-09-01,39.11
Austria,2015-09-02,37.84
Austria,2015-09-03,40.62
Austria,2015-09-04,32.68
Austria,2015-09-05,17.75
Austria,2015-09-06,2.87
Austria,2015-09-07,33.54
Austria,2015-09-08,35.48
Austria,2015-09-09,34.37
Austria,2015-09-10,33.61
Austria,2015-09-11,34.18
Austria,2015-09-12,29.37
Austria,2015-09-13,26.16
Austria,2015-09-14,33.55
Austria,2015-09-15,28.91
Austria,2015-09-16,33.19
Austria,2015-09-17,28.12
Austria,2015-09-18,37.06
Austria,2015-09-19,29.98
Austria,2015-09-20,22.28
Austria,2015-09-21,36.81
Austria,2015-09-22,33.71
Austria,2015-09-23,42.98
Austria,2015-09-24,31.95
Austria,2015-09-25,35.75
Austria,2015-09-26,32.68
Austria,2015-09-27,25.77
Austria,2015-09-28,34.83
Austria,2015-09-29,34.34
Austria,2015-09-30,37.17
Austria,2015-10-01,39.11
Austria,2015-10-02,37.59
Austria,2015-10-03,28.92
Austria,2015-10-04,31.17
Austria,2015-10-05,39.17
Austria,2015-10-06,37.31
Austria,2015-10-07,40.8
Austria,2015-10-08,47.32
Austria,2015-10-09,44.16
Austria,2015-10-10,32.71
Austria,2015-10-11,22.07
Austria,2015-10-12,35.57
Austria,2015-10-13,42.16
Austria,2015-10-14,44.79
Austria,2015-10-15,39.67
Austria,2015-10-16,47.75
Austria,2015-10-17,40.29
Austria,2015-10-18,37.77
Austria,2015-10-19,50.46
Austria,2015-10-20,48.35
Austria,2015-10-21,41.3
Austria,2015-10-22,37.14
Austria,2015-10-23,38.29
Austria,2015-10-24,32.45
Austria,2015-10-25,33.73
Austria,2015-10-26,39.37
Austria,2015-10-27,40.55
Austria,2015-10-28,42.3
Austria,2015-10-29,49.68
Austria,2015-10-30,43.07
Austria,2015-10-31,35.41
Austria,2015-11-01,31.68
Austria,2015-11-02,40.2
Austria,2015-11-03,41.61
Austria,2015-11-04,42.26
Austria,2015-11-05,43.85
Austria,2015-11-06,36.61
Austria,2015-11-07,27.74
Austria,2015-11-08,21.94
Austria,2015-11-09,28.42
Austria,2015-11-10,29.46
Austria,2015-11-11,35.02
Austria,2015-11-12,36.65
Austria,2015-11-13,31.52
Austria,2015-11-14,21.05
Austria,2015-11-15,23.85
Austria,2015-11-16,30.49
Austria,2015-11-17,30.66
Austria,2015-11-18,20.99
Austria,2015-11-19,25.48
Austria,2015-11-20,38.2
Austria,2015-11-21,29.6
Austria,2015-11-22,25.95
Austria,2015-11-23,49.87
Austria,2015-11-24,35.01
Austria,2015-11-25,41.96
Austria,2015-11-26,51.18
Austria,2015-11-27,36.52
Austria,2015-11-28,26.74
Austria,2015-11-29,11.23
Austria,2015-11-30,25.7
Austria,2015-12-01,35.85
Austria,2015-12-02,36.59
Austria,2015-12-03,42.34
Austria,2015-12-04,30.43
Austria,2015-12-05,23.4
Austria,2015-12-06,18.03
Austria,2015-12-07,40.64
Austria,2015-12-08,34.67
Austria,2015-12-09,34.82
Austria,2015-12-10,29.31
Austria,2015-12-11,26.36
Austria,2015-12-12,25.59
Austria,2015-12-13,27.87
Austria,2015-12-14,41.8
Austria,2015-12-15,42.74
Austria,2015-12-16,36.65
Austria,2015-12-17,32.59
Austria,2015-12-18,32.54
Austria,2015-12-19,26.64
Austria,2015-12-20,17.38
Austria,2015-12-21,23.36
Austria,2015-12-22,18.23
Austria,2015-12-23,20.17
Austria,2015-12-24,16.19
Austria,2015-12-25,13.66
Austria,2015-12-26,6.88
Austria,2015-12-27,16.18
Austria,2015-12-28,30.47
Austria,2015-12-29,31.21
Austria,2015-12-30,26.43
Austria,2015-12-31,22.35
Austria,2016-01-01,24.88
Austria,2016-01-02,17.5
Austria,2016-01-03,14.43
Austria,2016-01-04,27.94
Austria,2016-01-05,33.46
Austria,2016-01-06,33.6
Austria,2016-01-07,32.8
Austria,2016-01-08,27.55
Austria,2016-01-09,28.46
Austria,2016-01-10,20.83
Austria,2016-01-11,33.6
Austria,2016-01-12,29.42
Austria,2016-01-13,29.3
Austria,2016-01-14,33.61
Austria,2016-01-15,35.51
Austria,2016-01-16,28.06
Austria,2016-01-17,27.7
Austria,2016-01-18,39.2
Austria,2016-01-19,47.96
Austria,2016-01-20,48.88
Austria,2016-01-21,52.11
Austria,2016-01-22,33.14
Austria,2016-01-23,28.26
Austria,2016-01-24,26.15
Austria,2016-01-25,28.35
Austria,2016-01-26,25.12
Austria,2016-01-27,19.35
Austria,2016-01-28,26.08
Austria,2016-01-29,22.36
Austria,2016-01-30,11.82
Austria,2016-01-31,12.38
Austria,2016-02-01,20.74
Austria,2016-02-02,16.97
Austria,2016-02-03,23.05
Austria,2016-02-04,26.64
Austria,2016-02-05,27.59
Austria,2016-02-06,15.75
Austria,2016-02-07,9.98
Austria,2016-02-08,12.39
Austria,2016-02-09,17.53
Austria,2016-02-10,24.52
Austria,2016-02-11,25.93
Austria,2016-02-12,28.57
Austria,2016-02-13,22.55
Austria,2016-02-14,15.51
Austria,2016-02-15,24.77
Austria,2016-02-16,32.23
Austria,2016-02-17,26.16
Austria,2016-02-18,27.91
Austria,2016-02-19,27.21
Austria,2016-02-20,13.82
Austria,2016-02-21,8.33
Austria,2016-02-22,20.14
Austria,2016-02-23,24.53
Austria,2016-02-24,24.2
Austria,2016-02-25,27.78
Austria,2016-02-26,28.05
Austria,2016-02-27,22.71
Austria,2016-02-28,18.3
Austria,2016-02-29,24.08
Austria,2016-03-01,24.5
Austria,2016-03-02,24.44
Austria,2016-03-03,28.28
Austria,2016-03-04,24.76
Austria,2016-03-05,23.19
Austria,2016-03-06,21.39
Austria,2016-03-07,29.44
Austria,2016-03-08,28.42
Austria,2016-03-09,25.58
Austria,2016-03-10,26.25
Austria,2016-03-11,28.21
Austria,2016-03-12,27.71
Austria,2016-03-13,22.75
Austria,2016-03-14,27.4
Austria,2016-03-15,27.15
Austria,2016-03-16,25.49
Austria,2016-03-17,27.52
Austria,2016-03-18,25.37
Austria,2016-03-19,24.31
Austria,2016-03-20,18.01
Austria,2016-03-21,25.28
Austria,2016-03-22,28.46
Austria,2016-03-23,26.47
Austria,2016-03-24,27.86
Austria,2016-03-25,25.63
Austria,2016-03-26,19.23
Austria,2016-03-27,10.55
Austria,2016-03-28,1.5
Austria,2016-03-29,23.16
Austria,2016-03-30,27.14
Austria,2016-03-31,27.81
Austria,2016-04-01,27.63
Austria,2016-04-02,21.27
Austria,2016-04-03,17.81
Austria,2016-04-04,27.21
Austria,2016-04-05,26.75
Austria,2016-04-06,22.34
Austria,2016-04-07,23.35
Austria,2016-04-08,28.66
Austria,2016-04-09,23.66
Austria,2016-04-10,18.84
Austria,2016-04-11,24.22
Austria,2016-04-12,28.34
Austria,2016-04-13,28.57
Austria,2016-04-14,26.66
Austria,2016-04-15,25.14
Austria,2016-04-16,18.73
Austria,2016-04-17,18.71
Austria,2016-04-18,23.77
Austria,2016-04-19,20.54
Austria,2016-04-20,24.12
Austria,2016-04-21,26.57
Austria,2016-04-22,26.06
Austria,2016-04-23,21.9
Austria,2016-04-24,16.0
Austria,2016-04-25,26.43
Austria,2016-04-26,27.11
Austria,2016-04-27,26.13
Austria,2016-04-28,30.1
Austria,2016-04-29,25.53
Austria,2016-04-30,24.17
Austria,2016-05-01,18.71
Austria,2016-05-02,28.02
Austria,2016-05-03,28.22
Austria,2016-05-04,27.39
Austria,2016-05-05,19.21
Austria,2016-05-06,22.4
Austria,2016-05-07,14.25
Austria,2016-05-08,-12.78
Austria,2016-05-09,22.26
Austria,2016-05-10,27.01
Austria,2016-05-11,24.84
Austria,2016-05-12,25.6
Austria,2016-05-13,26.63
Austria,2016-05-14,13.1
Austria,2016-05-15,7.47
Austria,2016-05-16,21.59
Austria,2016-05-17,30.1
Austria,2016-05-18,30.57
Austria,2016-05-19,33.37
Austria,2016-05-20,27.65
Austria,2016-05-21,21.0
Austria,2016-05-22,6.29
Austria,2016-05-23,29.24
Austria,2016-05-24,29.49
Austria,2016-05-25,30.7
Austria,2016-05-26,27.46
Austria,2016-05-27,28.9
Austria,2016-05-28,22.79
Austria,2016-05-29,13.51
Austria,2016-05-30,25.17
Austria,2016-05-31,28.92
Austria,2016-06-01,30.33
Austria,2016-06-02,28.9
Austria,2016-06-03,29.13
Austria,2016-06-04,25.13
Austria,2016-06-05,20.36
Austria,2016-06-06,30.55
Austria,2016-06-07,29.19
Austria,2016-06-08,28.9
Austria,2016-06-09,30.66
Austria,2016-06-10,26.4
Austria,2016-06-11,26.0
Austria,2016-06-12,22.4
Austria,2016-06-13,29.58
Austria,2016-06-14,30.31
Austria,2016-06-15,30.61
Austria,2016-06-16,30.48
Austria,2016-06-17,27.87
Austria,2016-06-18,21.58
Austria,2016-06-19,17.85
Austria,2016-06-20,27.0
Austria,2016-06-21,33.31
Austria,2016-06-22,32.48
Austria,2016-06-23,29.28
Austria,2016-06-24,30.94
Austria,2016-06-25,26.77
Austria,2016-06-26,16.96
Austria,2016-06-27,28.03
Austria,2016-06-28,32.87
Austria,2016-06-29,27.42
Austria,2016-06-30,29.86
Austria,2016-07-01,26.62
Austria,2016-07-02,20.43
Austria,2016-07-03,15.12
Austria,2016-07-04,31.18
Austria,2016-07-05,25.33
Austria,2016-07-06,17.76
Austria,2016-07-07,29.6
Austria,2016-07-08,28.0
Austria,2016-07-09,20.57
Austria,2016-07-10,15.27
Austria,2016-07-11,25.56
Austria,2016-07-12,30.12
Austria,2016-07-13,32.23
Austria,2016-07-14,24.87
Austria,2016-07-15,26.52
Austria,2016-07-16,24.6
Austria,2016-07-17,21.68
Austria,2016-07-18,30.02
Austria,2016-07-19,32.42
Austria,2016-07-20,29.38
Austria,2016-07-21,32.93
Austria,2016-07-22,32.0
Austria,2016-07-23,29.38
Austria,2016-07-24,27.05
Austria,2016-07-25,33.15
Austria,2016-07-26,32.95
Austria,2016-07-27,33.42
Austria,2016-07-28,31.7
Austria,2016-07-29,30.15
Austria,2016-07-30,27.53
Austria,2016-07-31,25.08
Austria,2016-08-01,29.92
Austria,2016-08-02,32.44
Austria,2016-08-03,29.08
Austria,2016-08-04,28.26
Austria,2016-08-05,31.6
Austria,2016-08-06,24.08
Austria,2016-08-07,15.09
Austria,2016-08-08,21.68
Austria,2016-08-09,28.75
Austria,2016-08-10,28.18
Austria,2016-08-11,28.83
Austria,2016-08-12,27.8
Austria,2016-08-13,18.93
Austria,2016-08-14,21.9
Austria,2016-08-15,28.07
Austria,2016-08-16,29.61
Austria,2016-08-17,29.79
Austria,2016-08-18,30.8
Austria,2016-08-19,30.62
Austria,2016-08-20,24.12
Austria,2016-08-21,15.35
Austria,2016-08-22,28.6
Austria,2016-08-23,31.55
Austria,2016-08-24,29.51
Austria,2016-08-25,28.75
Austria,2016-08-26,29.75
Austria,2016-08-27,25.98
Austria,2016-08-28,21.75
Austria,2016-08-29,29.1
Austria,2016-08-30,32.14
Austria,2016-08-31,30.6
Austria,2016-09-01,31.32
Austria,2016-09-02,30.96
Austria,2016-09-03,29.2
Austria,2016-09-04,24.14
Austria,2016-09-05,37.12
Austria,2016-09-06,32.87
Austria,2016-09-07,30.82
Austria,2016-09-08,30.94
Austria,2016-09-09,32.79
Austria,2016-09-10,27.85
Austria,2016-09-11,27.28
Austria,2016-09-12,33.29
Austria,2016-09-13,31.67
Austria,2016-09-14,29.07
Austria,2016-09-15,27.91
Austria,2016-09-16,32.98
Austria,2016-09-17,27.08
Austria,2016-09-18,24.95
Austria,2016-09-19,34.83
Austria,2016-09-20,34.56
Austria,2016-09-21,35.05
Austria,2016-09-22,32.59
Austria,2016-09-23,31.1
Austria,2016-09-24,29.18
Austria,2016-09-25,23.15
Austria,2016-09-26,37.05
Austria,2016-09-27,34.19
Austria,2016-09-28,24.22
Austria,2016-09-29,22.9
Austria,2016-09-30,34.26
Austria,2016-10-01,33.11
Austria,2016-10-02,29.91
Austria,2016-10-03,30.34
Austria,2016-10-04,30.22
Austria,2016-10-05,28.93
Austria,2016-10-06,32.23
Austria,2016-10-07,38.56
Austria,2016-10-08,35.97
Austria,2016-10-09,33.47
Austria,2016-10-10,50.23
Austria,2016-10-11,38.04
Austria,2016-10-12,36.88
Austria,2016-10-13,33.43
Austria,2016-10-14,29.2
Austria,2016-10-15,32.54
Austria,2016-10-16,33.53
Austria,2016-10-17,42.03
Austria,2016-10-18,39.9
Austria,2016-10-19,40.46
Austria,2016-10-20,40.69
Austria,2016-10-21,39.93
Austria,2016-10-22,37.45
Austria,2016-10-23,34.57
Austria,2016-10-24,42.23
Austria,2016-10-25,52.88
Austria,2016-10-26,44.95
Austria,2016-10-27,39.21
Austria,2016-10-28,36.17
Austria,2016-10-29,34.54
Austria,2016-10-30,36.8
Austria,2016-10-31,42.98
Austria,2016-11-01,34.49
Austria,2016-11-02,33.36
Austria,2016-11-03,45.49
Austria,2016-11-04,40.55
Austria,2016-11-05,38.66
Austria,2016-11-06,34.56
Austria,2016-11-07,39.13
Austria,2016-11-08,54.17
Austria,2016-11-09,48.21
Austria,2016-11-10,51.93
Austria,2016-11-11,47.79
Austria,2016-11-12,39.52
Austria,2016-11-13,37.02
Austria,2016-11-14,39.75
Austria,2016-11-15,40.37
Austria,2016-11-16,42.68
Austria,2016-11-17,32.84
Austria,2016-11-18,24.74
Austria,2016-11-19,31.55
Austria,2016-11-20,-0.32
Austria,2016-11-21,34.27
Austria,2016-11-22,38.78
Austria,2016-11-23,45.31
Austria,2016-11-24,39.83
Austria,2016-11-25,42.61
Austria,2016-11-26,38.24
Austria,2016-11-27,31.29
Austria,2016-11-28,41.19
Austria,2016-11-29,42.43
Austria,2016-11-30,35.97
Austria,2016-12-01,26.81
Austria,2016-12-02,39.67
Austria,2016-12-03,41.1
Austria,2016-12-04,38.26
Austria,2016-12-05,48.95
Austria,2016-12-06,58.13
Austria,2016-12-07,37.49
Austria,2016-12-08,30.63
Austria,2016-12-09,35.78
Austria,2016-12-10,32.39
Austria,2016-12-11,28.7
Austria,2016-12-12,47.95
Austria,2016-12-13,49.08
Austria,2016-12-14,60.14
Austria,2016-12-15,49.81
Austria,2016-12-16,53.39
Austria,2016-12-17,46.53
Austria,2016-12-18,43.86
Austria,2016-12-19,57.31
Austria,2016-12-20,48.59
Austria,2016-12-21,40.16
Austria,2016-12-22,45.01
Austria,2016-12-23,37.39
Austria,2016-12-24,7.27
Austria,2016-12-25,-1.94
Austria,2016-12-26,-12.79
Austria,2016-12-27,5.93
Austria,2016-12-28,42.16
Austria,2016-12-29,46.18
Austria,2016-12-30,42.0
Austria,2016-12-31,35.65
Austria,2017-01-01,29.78
Austria,2017-01-02,46.47
Austria,2017-01-03,37.49
Austria,2017-01-04,28.2
Austria,2017-01-05,50.16
Austria,2017-01-06,49.39
Austria,2017-01-07,38.4
Austria,2017-01-08,42.9
Austria,2017-01-09,55.6
Austria,2017-01-10,54.88
Austria,2017-01-11,34.8
Austria,2017-01-12,35.14
Austria,2017-01-13,39.57
Austria,2017-01-14,33.29
Austria,2017-01-15,36.3
Austria,2017-01-16,80.31
Austria,2017-01-17,85.06
Austria,2017-01-18,69.75
Austria,2017-01-19,67.13
Austria,2017-01-20,62.92
Austria,2017-01-21,47.96
Austria,2017-01-22,41.38
Austria,2017-01-23,76.38
Austria,2017-01-24,101.82
Austria,2017-01-25,85.56
Austria,2017-01-26,48.6
Austria,2017-01-27,43.98
Austria,2017-01-28,42.24
Austria,2017-01-29,37.67
Austria,2017-01-30,51.78
Austria,2017-01-31,69.68
Austria,2017-02-01,50.72
Austria,2017-02-02,45.23
Austria,2017-02-03,48.05
Austria,2017-02-04,45.25
Austria,2017-02-05,43.83
Austria,2017-02-06,61.73
Austria,2017-02-07,53.1
Austria,2017-02-08,60.23
Austria,2017-02-09,57.45
Austria,2017-02-10,44.96
Austria,2017-02-11,38.23
Austria,2017-02-12,33.02
Austria,2017-02-13,42.48
Austria,2017-02-14,43.19
Austria,2017-02-15,47.15
Austria,2017-02-16,40.59
Austria,2017-02-17,43.13
Austria,2017-02-18,40.01
Austria,2017-02-19,28.41
Austria,2017-02-20,30.44
Austria,2017-02-21,33.11
Austria,2017-02-22,22.91
Austria,2017-02-23,26.16
Austria,2017-02-24,29.68
Austria,2017-02-25,28.83
Austria,2017-02-26,14.16
Austria,2017-02-27,28.36
Austria,2017-02-28,30.64
Austria,2017-03-01,35.58
Austria,2017-03-02,27.24
Austria,2017-03-03,38.46
Austria,2017-03-04,33.41
Austria,2017-03-05,18.26
Austria,2017-03-06,38.83
Austria,2017-03-07,44.63
Austria,2017-03-08,36.28
Austria,2017-03-09,37.81
Austria,2017-03-10,34.07
Austria,2017-03-11,32.73
Austria,2017-03-12,18.73
Austria,2017-03-13,36.42
Austria,2017-03-14,34.25
Austria,2017-03-15,34.0
Austria,2017-03-16,34.07
Austria,2017-03-17,28.07
Austria,2017-03-18,19.88
Austria,2017-03-19,13.32
Austria,2017-03-20,29.4
Austria,2017-03-21,30.96
Austria,2017-03-22,35.46
Austria,2017-03-23,34.15
Austria,2017-03-24,34.44
Austria,2017-03-25,28.19
Austria,2017-03-26,27.96
Austria,2017-03-27,34.97
Austria,2017-03-28,34.4
Austria,2017-03-29,31.31
Austria,2017-03-30,33.41
Austria,2017-03-31,31.79
Austria,2017-04-01,30.6
Austria,2017-04-02,29.8
Austria,2017-04-03,37.51
Austria,2017-04-04,38.56
Austria,2017-04-05,31.13
Austria,2017-04-06,31.06
Austria,2017-04-07,34.54
Austria,2017-04-08,34.48
Austria,2017-04-09,27.56
Austria,2017-04-10,27.34
Austria,2017-04-11,33.6
Austria,2017-04-12,27.0
Austria,2017-04-13,30.25
Austria,2017-04-14,30.58
Austria,2017-04-15,12.4
Austria,2017-04-16,20.27
Austria,2017-04-17,25.52
Austria,2017-04-18,34.41
Austria,2017-04-19,37.22
Austria,2017-04-20,36.74
Austria,2017-04-21,25.79
Austria,2017-04-22,12.65
Austria,2017-04-23,12.78
Austria,2017-04-24,31.46
Austria,2017-04-25,36.05
Austria,2017-04-26,40.0
Austria,2017-04-27,36.74
Austria,2017-04-28,36.85
Austria,2017-04-29,29.95
Austria,2017-04-30,-11.21
Austria,2017-05-01,-21.05
Austria,2017-05-02,30.14
Austria,2017-05-03,34.37
Austria,2017-05-04,32.98
Austria,2017-05-05,38.53
Austria,2017-05-06,32.17
Austria,2017-05-07,27.98
Austria,2017-05-08,33.84
Austria,2017-05-09,39.83
Austria,2017-05-10,38.77
Austria,2017-05-11,33.58
Austria,2017-05-12,35.88
Austria,2017-05-13,31.76
Austria,2017-05-14,28.18
Austria,2017-05-15,36.42
Austria,2017-05-16,34.22
Austria,2017-05-17,32.23
Austria,2017-05-18,33.08
Austria,2017-05-19,34.04
Austria,2017-05-20,26.2
Austria,2017-05-21,19.44
Austria,2017-05-22,36.33
Austria,2017-05-23,32.94
Austria,2017-05-24,32.79
Austria,2017-05-25,27.4
Austria,2017-05-26,33.08
Austria,2017-05-27,25.76
Austria,2017-05-28,21.22
Austria,2017-05-29,37.37
Austria,2017-05-30,36.36
Austria,2017-05-31,33.05
Austria,2017-06-01,36.28
Austria,2017-06-02,36.49
Austria,2017-06-03,30.34
Austria,2017-06-04,22.63
Austria,2017-06-05,27.53
Austria,2017-06-06,20.53
Austria,2017-06-07,13.51
Austria,2017-06-08,30.11
Austria,2017-06-09,33.82
Austria,2017-06-10,30.52
Austria,2017-06-11,20.56
Austria,2017-06-12,25.08
Austria,2017-06-13,33.02
Austria,2017-06-14,37.53
Austria,2017-06-15,31.71
Austria,2017-06-16,19.46
Austria,2017-06-17,25.78
Austria,2017-06-18,28.67
Austria,2017-06-19,38.09
Austria,2017-06-20,35.54
Austria,2017-06-21,39.8
Austria,2017-06-22,34.67
Austria,2017-06-23,30.3
Austria,2017-06-24,21.91
Austria,2017-06-25,19.14
Austria,2017-06-26,32.91
Austria,2017-06-27,38.64
Austria,2017-06-28,35.57
Austria,2017-06-29,37.88
Austria,2017-06-30,32.11
Austria,2017-07-01,27.87
Austria,2017-07-02,24.26
Austria,2017-07-03,32.75
Austria,2017-07-04,35.31
Austria,2017-07-05,38.74
Austria,2017-07-06,39.4
Austria,2017-07-07,37.55
Austria,2017-07-08,34.05
Austria,2017-07-09,33.11
Austria,2017-07-10,39.99
Austria,2017-07-11,36.63
Austria,2017-07-12,34.14
Austria,2017-07-13,34.55
Austria,2017-07-14,36.77
Austria,2017-07-15,32.46
Austria,2017-07-16,30.29
Austria,2017-07-17,37.59
Austria,2017-07-18,37.47
Austria,2017-07-19,35.97
Austria,2017-07-20,37.1
Austria,2017-07-21,36.13
Austria,2017-07-22,33.24
Austria,2017-07-23,29.33
Austria,2017-07-24,38.7
Austria,2017-07-25,33.77
Austria,2017-07-26,32.98
Austria,2017-07-27,34.05
Austria,2017-07-28,30.87
Austria,2017-07-29,20.31
Austria,2017-07-30,5.59
Austria,2017-07-31,32.21
Austria,2017-08-01,34.56
Austria,2017-08-02,33.06
Austria,2017-08-03,27.79
Austria,2017-08-04,24.64
Austria,2017-08-05,27.84
Austria,2017-08-06,20.07
Austria,2017-08-07,33.09
Austria,2017-08-08,31.03
Austria,2017-08-09,30.67
Austria,2017-08-10,35.47
Austria,2017-08-11,37.38
Austria,2017-08-12,20.95
Austria,2017-08-13,21.14
Austria,2017-08-14,32.74
Austria,2017-08-15,27.04
Austria,2017-08-16,35.94
Austria,2017-08-17,33.44
Austria,2017-08-18,33.13
Austria,2017-08-19,13.75
Austria,2017-08-20,9.16
Austria,2017-08-21,30.58
Austria,2017-08-22,37.18
Austria,2017-08-23,36.47
Austria,2017-08-24,35.87
Austria,2017-08-25,37.94
Austria,2017-08-26,34.32
Austria,2017-08-27,30.35
Austria,2017-08-28,38.52
Austria,2017-08-29,37.71
Austria,2017-08-30,36.09
Austria,2017-08-31,38.59
Austria,2017-09-01,38.79
Austria,2017-09-02,33.79
Austria,2017-09-03,30.83
Austria,2017-09-04,36.6
Austria,2017-09-05,37.53
Austria,2017-09-06,30.95
Austria,2017-09-07,34.25
Austria,2017-09-08,26.94
Austria,2017-09-09,32.6
Austria,2017-09-10,20.46
Austria,2017-09-11,22.28
Austria,2017-09-12,29.9
Austria,2017-09-13,11.64
Austria,2017-09-14,24.73
Austria,2017-09-15,36.41
Austria,2017-09-16,36.89
Austria,2017-09-17,33.48
Austria,2017-09-18,42.09
Austria,2017-09-19,41.09
Austria,2017-09-20,39.31
Austria,2017-09-21,39.28
Austria,2017-09-22,40.19
Austria,2017-09-23,36.06
Austria,2017-09-24,35.05
Austria,2017-09-25,42.49
Austria,2017-09-26,40.35
Austria,2017-09-27,40.81
Austria,2017-09-28,40.42
Austria,2017-09-29,39.02
Austria,2017-09-30,34.7
Austria,2017-10-01,29.96
Austria,2017-10-02,18.12
Austria,2017-10-03,24.88
Austria,2017-10-04,27.34
Austria,2017-10-05,18.22
Austria,2017-10-06,27.87
Austria,2017-10-07,6.34
Austria,2017-10-08,26.2
Austria,2017-10-09,42.28
Austria,2017-10-10,36.62
Austria,2017-10-11,33.53
Austria,2017-10-12,26.79
Austria,2017-10-13,39.35
Austria,2017-10-14,31.95
Austria,2017-10-15,29.85
Austria,2017-10-16,39.04
Austria,2017-10-17,38.01
Austria,2017-10-18,52.61
Austria,2017-10-19,45.94
Austria,2017-10-20,38.13
Austria,2017-10-21,33.02
Austria,2017-10-22,22.62
Austria,2017-10-23,41.73
Austria,2017-10-24,36.74
Austria,2017-10-25,35.15
Austria,2017-10-26,39.62
Austria,2017-10-27,29.67
Austria,2017-10-28,-17.15
Austria,2017-10-29,-47.46
Austria,2017-10-30,33.16
Austria,2017-10-31,36.83
Austria,2017-11-01,30.62
Austria,2017-11-02,34.74
Austria,2017-11-03,50.44
Austria,2017-11-04,33.58
Austria,2017-11-05,31.18
Austria,2017-11-06,51.22
Austria,2017-11-07,52.42
Austria,2017-11-08,67.45
Austria,2017-11-09,51.02
Austria,2017-11-10,30.8
Austria,2017-11-11,23.44
Austria,2017-11-12,33.96
Austria,2017-11-13,46.02
Austria,2017-11-14,39.99
Austria,2017-11-15,64.82
Austria,2017-11-16,47.38
Austria,2017-11-17,42.67
Austria,2017-11-18,18.62
Austria,2017-11-19,9.93
Austria,2017-11-20,39.46
Austria,2017-11-21,48.93
Austria,2017-11-22,30.99
Austria,2017-11-23,24.08
Austria,2017-11-24,43.27
Austria,2017-11-25,39.17
Austria,2017-11-26,18.49
Austria,2017-11-27,29.67
Austria,2017-11-28,38.0
Austria,2017-11-29,71.89
Austria,2017-11-30,67.14
Austria,2017-12-01,48.32
Austria,2017-12-02,37.72
Austria,2017-12-03,33.94
Austria,2017-12-04,35.51
Austria,2017-12-05,35.38
Austria,2017-12-06,33.68
Austria,2017-12-07,34.44
Austria,2017-12-08,33.08
Austria,2017-12-09,25.57
Austria,2017-12-10,26.48
Austria,2017-12-11,38.75
Austria,2017-12-12,34.86
Austria,2017-12-13,30.87
Austria,2017-12-14,33.71
Austria,2017-12-15,40.92
Austria,2017-12-16,36.32
Austria,2017-12-17,35.42
Austria,2017-12-18,45.72
Austria,2017-12-19,48.06
Austria,2017-12-20,48.4
Austria,2017-12-21,39.13
Austria,2017-12-22,37.44
Austria,2017-12-23,21.95
Austria,2017-12-24,12.58
Austria,2017-12-25,21.33
Austria,2017-12-26,15.85
Austria,2017-12-27,35.38
Austria,2017-12-28,33.57
Austria,2017-12-29,28.3
Austria,2017-12-30,23.78
Austria,2017-12-31,18.96
Austria,2018-01-01,-24.33
Austria,2018-01-02,33.01
Austria,2018-01-03,8.62
Austria,2018-01-04,30.13
Austria,2018-01-05,32.49
Austria,2018-01-06,36.29
Austria,2018-01-07,23.26
Austria,2018-01-08,30.26
Austria,2018-01-09,30.97
Austria,2018-01-10,41.64
Austria,2018-01-11,47.55
Austria,2018-01-12,42.13
Austria,2018-01-13,33.12
Austria,2018-01-14,28.64
Austria,2018-01-15,25.21
Austria,2018-01-16,28.54
Austria,2018-01-17,28.65
Austria,2018-01-18,31.04
Austria,2018-01-19,40.47
Austria,2018-01-20,35.96
Austria,2018-01-21,34.41
Austria,2018-01-22,38.2
Austria,2018-01-23,36.41
Austria,2018-01-24,23.52
Austria,2018-01-25,34.33
Austria,2018-01-26,45.13
Austria,2018-01-27,31.27
Austria,2018-01-28,5.11
Austria,2018-01-29,17.07
Austria,2018-01-30,36.46
Austria,2018-01-31,28.99
Austria,2018-02-01,34.26
Austria,2018-02-02,40.67
Austria,2018-02-03,40.14
Austria,2018-02-04,33.56
Austria,2018-02-05,45.27
Austria,2018-02-06,47.05
Austria,2018-02-07,47.47
Austria,2018-02-08,49.6
Austria,2018-02-09,40.87
Austria,2018-02-10,38.61
Austria,2018-02-11,11.25
Austria,2018-02-12,33.65
Austria,2018-02-13,39.72
Austria,2018-02-14,39.61
Austria,2018-02-15,34.35
Austria,2018-02-16,40.58
Austria,2018-02-17,40.58
Austria,2018-02-18,36.53
Austria,2018-02-19,50.65
Austria,2018-02-20,48.85
Austria,2018-02-21,46.83
Austria,2018-02-22,47.39
Austria,2018-02-23,44.21
Austria,2018-02-24,23.68
Austria,2018-02-25,35.15
Austria,2018-02-26,47.04
Austria,2018-02-27,48.29
Austria,2018-02-28,37.57
Austria,2018-03-01,30.02
Austria,2018-03-02,40.59
Austria,2018-03-03,34.37
Austria,2018-03-04,31.1
Austria,2018-03-05,49.65
Austria,2018-03-06,49.93
Austria,2018-03-07,48.31
Austria,2018-03-08,36.63
Austria,2018-03-09,37.8
Austria,2018-03-10,34.73
Austria,2018-03-11,28.71
Austria,2018-03-12,41.24
Austria,2018-03-13,39.91
Austria,2018-03-14,46.43
Austria,2018-03-15,24.07
Austria,2018-03-16,29.37
Austria,2018-03-17,3.34
Austria,2018-03-18,3.17
Austria,2018-03-19,49.45
Austria,2018-03-20,43.02
Austria,2018-03-21,51.51
Austria,2018-03-22,43.94
Austria,2018-03-23,52.78
Austria,2018-03-24,41.39
Austria,2018-03-25,37.87
Austria,2018-03-26,52.87
Austria,2018-03-27,44.58
Austria,2018-03-28,39.56
Austria,2018-03-29,39.16
Austria,2018-03-30,26.42
Austria,2018-03-31,26.23
Austria,2018-04-01,29.55
Austria,2018-04-02,31.19
Austria,2018-04-03,35.36
Austria,2018-04-04,36.1
Austria,2018-04-05,33.94
Austria,2018-04-06,34.84
Austria,2018-04-07,26.13
Austria,2018-04-08,29.83
Austria,2018-04-09,38.9
Austria,2018-04-10,35.23
Austria,2018-04-11,33.59
Austria,2018-04-12,32.84
Austria,2018-04-13,37.08
Austria,2018-04-14,35.52
Austria,2018-04-15,33.61
Austria,2018-04-16,41.09
Austria,2018-04-17,39.47
Austria,2018-04-18,38.3
Austria,2018-04-19,37.55
Austria,2018-04-20,37.04
Austria,2018-04-21,32.39
Austria,2018-04-22,26.73
Austria,2018-04-23,34.55
Austria,2018-04-24,34.71
Austria,2018-04-25,31.27
Austria,2018-04-26,33.36
Austria,2018-04-27,37.16
Austria,2018-04-28,32.63
Austria,2018-04-29,27.44
Austria,2018-04-30,23.67
Austria,2018-05-01,16.23
Austria,2018-05-02,37.83
Austria,2018-05-03,37.74
Austria,2018-05-04,37.91
Austria,2018-05-05,31.47
Austria,2018-05-06,27.34
Austria,2018-05-07,35.14
Austria,2018-05-08,31.44
Austria,2018-05-09,36.27
Austria,2018-05-10,30.56
Austria,2018-05-11,39.06
Austria,2018-05-12,33.4
Austria,2018-05-13,25.81
Austria,2018-05-14,35.63
Austria,2018-05-15,39.25
Austria,2018-05-16,38.08
Austria,2018-05-17,35.47
Austria,2018-05-18,37.64
Austria,2018-05-19,35.44
Austria,2018-05-20,25.0
Austria,2018-05-21,21.46
Austria,2018-05-22,39.67
Austria,2018-05-23,38.78
Austria,2018-05-24,37.21
Austria,2018-05-25,38.11
Austria,2018-05-26,36.11
Austria,2018-05-27,33.92
Austria,2018-05-28,39.78
Austria,2018-05-29,39.28
Austria,2018-05-30,41.22
Austria,2018-05-31,38.84
Austria,2018-06-01,43.25
Austria,2018-06-02,37.82
Austria,2018-06-03,33.84
Austria,2018-06-04,41.48
Austria,2018-06-05,43.26
Austria,2018-06-06,42.42
Austria,2018-06-07,42.68
Austria,2018-06-08,42.43
Austria,2018-06-09,38.89
Austria,2018-06-10,37.27
Austria,2018-06-11,42.04
Austria,2018-06-12,42.53
Austria,2018-06-13,41.98
Austria,2018-06-14,39.36
Austria,2018-06-15,42.58
Austria,2018-06-16,37.72
Austria,2018-06-17,29.8
Austria,2018-06-18,39.93
Austria,2018-06-19,41.21
Austria,2018-06-20,40.91
Austria,2018-06-21,31.89
Austria,2018-06-22,28.33
Austria,2018-06-23,30.29
Austria,2018-06-24,33.68
Austria,2018-06-25,40.56
Austria,2018-06-26,42.38
Austria,2018-06-27,41.31
Austria,2018-06-28,40.15
Austria,2018-06-29,40.06
Austria,2018-06-30,37.52
Austria,2018-07-01,32.5
Austria,2018-07-02,41.94
Austria,2018-07-03,42.82
Austria,2018-07-04,44.33
Austria,2018-07-05,43.56
Austria,2018-07-06,41.59
Austria,2018-07-07,33.86
Austria,2018-07-08,35.04
Austria,2018-07-09,41.1
Austria,2018-07-10,44.25
Austria,2018-07-11,44.08
Austria,2018-07-12,44.34
Austria,2018-07-13,43.32
Austria,2018-07-14,41.72
Austria,2018-07-15,40.6
Austria,2018-07-16,44.55
Austria,2018-07-17,43.69
Austria,2018-07-18,42.59
Austria,2018-07-19,43.73
Austria,2018-07-20,44.51
Austria,2018-07-21,42.75
Austria,2018-07-22,41.02
Austria,2018-07-23,45.19
Austria,2018-07-24,46.17
Austria,2018-07-25,46.81
Austria,2018-07-26,45.17
Austria,2018-07-27,44.46
Austria,2018-07-28,40.92
Austria,2018-07-29,40.29
Austria,2018-07-30,45.24
Austria,2018-07-31,45.91
Austria,2018-08-01,45.88
Austria,2018-08-02,47.66
Austria,2018-08-03,49.16
Austria,2018-08-04,43.17
Austria,2018-08-05,42.88
Austria,2018-08-06,49.33
Austria,2018-08-07,49.72
Austria,2018-08-08,45.86
Austria,2018-08-09,44.4
Austria,2018-08-10,40.99
Austria,2018-08-11,39.94
Austria,2018-08-12,39.14
Austria,2018-08-13,45.71
Austria,2018-08-14,45.24
Austria,2018-08-15,44.47
Austria,2018-08-16,45.79
Austria,2018-08-17,46.96
Austria,2018-08-18,44.44
Austria,2018-08-19,42.36
Austria,2018-08-20,46.71
Austria,2018-08-21,50.86
Austria,2018-08-22,50.6
Austria,2018-08-23,49.38
Austria,2018-08-24,46.76
Austria,2018-08-25,44.15
Austria,2018-08-26,41.18
Austria,2018-08-27,41.57
Austria,2018-08-28,50.83
Austria,2018-08-29,48.93
Austria,2018-08-30,46.53
Austria,2018-08-31,50.13
Austria,2018-09-01,47.29
Austria,2018-09-02,44.19
Austria,2018-09-03,49.71
Austria,2018-09-04,51.04
Austria,2018-09-05,51.01
Austria,2018-09-06,50.44
Austria,2018-09-07,48.76
Austria,2018-09-08,42.8
Austria,2018-09-09,42.31
Austria,2018-09-10,50.01
Austria,2018-09-11,46.57
Austria,2018-09-12,49.83
Austria,2018-09-13,53.36
Austria,2018-09-14,49.87
Austria,2018-09-15,43.81
Austria,2018-09-16,40.98
Austria,2018-09-17,49.1
Austria,2018-09-18,46.7
Austria,2018-09-19,46.39
Austria,2018-09-20,46.9
Austria,2018-09-21,36.73
Austria,2018-09-22,31.1
Austria,2018-09-23,39.2
Austria,2018-09-24,37.99
Austria,2018-09-25,48.93
Austria,2018-09-26,39.98
Austria,2018-09-27,45.1
Austria,2018-09-28,43.74
Austria,2018-09-29,40.42
Austria,2018-09-30,39.73
Austria,2018-10-01,48.92
Austria,2018-10-02,42.46
Austria,2018-10-03,48.68
Austria,2018-10-04,53.79
Austria,2018-10-05,52.41
Austria,2018-10-06,46.98
Austria,2018-10-07,45.57
Austria,2018-10-08,55.12
Austria,2018-10-09,56.44
Austria,2018-10-10,54.62
Austria,2018-10-11,53.38
Austria,2018-10-12,49.49
Austria,2018-10-13,44.54
Austria,2018-10-14,36.22
Austria,2018-10-15,49.62
Austria,2018-10-16,54.84
Austria,2018-10-17,55.02
Austria,2018-10-18,53.37
Austria,2018-10-19,53.63
Austria,2018-10-20,48.13
Austria,2018-10-21,45.79
Austria,2018-10-22,51.96
Austria,2018-10-23,49.18
Austria,2018-10-24,47.36
Austria,2018-10-25,47.55
Austria,2018-10-26,48.05
Austria,2018-10-27,45.12
Austria,2018-10-28,40.18
Austria,2018-10-29,43.43
Austria,2018-10-30,39.03
Austria,2018-10-31,44.03
Austria,2018-11-01,42.47
Austria,2018-11-02,46.75
Austria,2018-11-03,44.67
Austria,2018-11-04,42.16
Austria,2018-11-05,47.44
Austria,2018-11-06,47.12
Austria,2018-11-07,45.99
Austria,2018-11-08,49.26
Austria,2018-11-09,47.46
Austria,2018-11-10,39.93
Austria,2018-11-11,38.78
Austria,2018-11-12,46.35
Austria,2018-11-13,47.4
Austria,2018-11-14,49.1
Austria,2018-11-15,49.83
Austria,2018-11-16,49.1
Austria,2018-11-17,49.29
Austria,2018-11-18,46.11
Austria,2018-11-19,51.17
Austria,2018-11-20,53.08
Austria,2018-11-21,54.61
Austria,2018-11-22,61.03
Austria,2018-11-23,58.51
Austria,2018-11-24,50.27
Austria,2018-11-25,47.31
Austria,2018-11-26,55.54
Austria,2018-11-27,55.6
Austria,2018-11-28,46.5
Austria,2018-11-29,47.82
Austria,2018-11-30,48.36
Austria,2018-12-01,46.83
Austria,2018-12-02,41.76
Austria,2018-12-03,47.68
Austria,2018-12-04,48.08
Austria,2018-12-05,47.25
Austria,2018-12-06,46.47
Austria,2018-12-07,47.12
Austria,2018-12-08,40.46
Austria,2018-12-09,38.75
Austria,2018-12-10,40.45
Austria,2018-12-11,48.71
Austria,2018-12-12,52.95
Austria,2018-12-13,52.28
Austria,2018-12-14,54.79
Austria,2018-12-15,48.58
Austria,2018-12-16,47.25
Austria,2018-12-17,52.5
Austria,2018-12-18,50.42
Austria,2018-12-19,48.98
Austria,2018-12-20,49.38
Austria,2018-12-21,49.49
Austria,2018-12-22,42.97
Austria,2018-12-23,39.44
Austria,2018-12-24,41.14
Austria,2018-12-25,29.56
Austria,2018-12-26,42.34
Austria,2018-12-27,47.99
Austria,2018-12-28,47.87
Austria,2018-12-29,43.52
Austria,2018-12-30,42.72
Austria,2018-12-31,44.79
Austria,2019-01-01,20.57
Austria,2019-01-02,42.45
Austria,2019-01-03,60.01
Austria,2019-01-04,54.93
Austria,2019-01-05,50.67
Austria,2019-01-06,53.28
Austria,2019-01-07,63.51
Austria,2019-01-08,54.49
Austria,2019-01-09,56.9
Austria,2019-01-10,67.73
Austria,2019-01-11,57.2
Austria,2019-01-12,46.86
Austria,2019-01-13,37.81
Austria,2019-01-14,44.71
Austria,2019-01-15,49.65
Austria,2019-01-16,51.43
Austria,2019-01-17,51.82
Austria,2019-01-18,64.59
Austria,2019-01-19,61.85
Austria,2019-01-20,60.08
Austria,2019-01-21,71.73
Austria,2019-01-22,66.19
Austria,2019-01-23,73.82
Austria,2019-01-24,84.22
Austria,2019-01-25,68.46
Austria,2019-01-26,52.34
Austria,2019-01-27,47.42
Austria,2019-01-28,58.58
Austria,2019-01-29,62.08
Austria,2019-01-30,60.83
Austria,2019-01-31,60.84
Austria,2019-02-01,57.12
Austria,2019-02-02,51.15
Austria,2019-02-03,48.0
Austria,2019-02-04,52.97
Austria,2019-02-05,55.71
Austria,2019-02-06,53.06
Austria,2019-02-07,48.32
Austria,2019-02-08,48.62
Austria,2019-02-09,42.69
Austria,2019-02-10,32.44
Austria,2019-02-11,41.16
Austria,2019-02-12,49.33
Austria,2019-02-13,47.66
Austria,2019-02-14,49.96
Austria,2019-02-15,48.02
Austria,2019-02-16,42.76
Austria,2019-02-17,39.65
Austria,2019-02-18,47.44
Austria,2019-02-19,46.5
Austria,2019-02-20,46.74
Austria,2019-02-21,46.22
Austria,2019-02-22,46.83
Austria,2019-02-23,40.95
Austria,2019-02-24,40.39
Austria,2019-02-25,45.92
Austria,2019-02-26,44.59
Austria,2019-02-27,43.44
Austria,2019-02-28,40.92
Austria,2019-03-01,45.7
Austria,2019-03-02,39.86
Austria,2019-03-03,18.28
Austria,2019-03-04,24.99
Austria,2019-03-05,36.79
Austria,2019-03-06,37.21
Austria,2019-03-07,30.59
Austria,2019-03-08,33.56
Austria,2019-03-09,24.75
Austria,2019-03-10,19.85
Austria,2019-03-11,36.39
Austria,2019-03-12,36.59
Austria,2019-03-13,29.9
Austria,2019-03-14,33.46
Austria,2019-03-15,28.2
Austria,2019-03-16,19.68
Austria,2019-03-17,8.15
Austria,2019-03-18,35.13
Austria,2019-03-19,45.04
Austria,2019-03-20,41.81
Austria,2019-03-21,40.17
Austria,2019-03-22,40.45
Austria,2019-03-23,34.57
Austria,2019-03-24,31.27
Austria,2019-03-25,33.02
Austria,2019-03-26,37.32
Austria,2019-03-27,39.96
Austria,2019-03-28,42.21
Austria,2019-03-29,39.33
Austria,2019-03-30,34.65
Austria,2019-03-31,28.7
Austria,2019-04-01,38.33
Austria,2019-04-02,35.05
Austria,2019-04-03,42.3
Austria,2019-04-04,42.04
Austria,2019-04-05,42.53
Austria,2019-04-06,37.16
Austria,2019-04-07,35.79
Austria,2019-04-08,42.8
Austria,2019-04-09,42.37
Austria,2019-04-10,42.86
Austria,2019-04-11,45.06
Austria,2019-04-12,45.35
Austria,2019-04-13,41.0
Austria,2019-04-14,36.84
Austria,2019-04-15,43.01
Austria,2019-04-16,44.12
Austria,2019-04-17,42.02
Austria,2019-04-18,40.96
Austria,2019-04-19,36.89
Austria,2019-04-20,36.54
Austria,2019-04-21,31.76
Austria,2019-04-22,6.58
Austria,2019-04-23,28.05
Austria,2019-04-24,34.42
Austria,2019-04-25,38.81
Austria,2019-04-26,41.87
Austria,2019-04-27,32.22
Austria,2019-04-28,34.36
Austria,2019-04-29,43.74
Austria,2019-04-30,42.62
Austria,2019-05-01,26.68
Austria,2019-05-02,38.17
Austria,2019-05-03,40.95
Austria,2019-05-04,38.39
Austria,2019-05-05,31.71
Austria,2019-05-06,44.33
Austria,2019-05-07,49.58
Austria,2019-05-08,39.87
Austria,2019-05-09,44.75
Austria,2019-05-10,45.15
Austria,2019-05-11,37.25
Austria,2019-05-12,22.05
Austria,2019-05-13,40.69
Austria,2019-05-14,41.43
Austria,2019-05-15,41.55
Austria,2019-05-16,41.0
Austria,2019-05-17,41.9
Austria,2019-05-18,37.1
Austria,2019-05-19,35.15
Austria,2019-05-20,46.18
Austria,2019-05-21,42.44
Austria,2019-05-22,40.5
Austria,2019-05-23,42.03
Austria,2019-05-24,40.45
Austria,2019-05-25,36.62
Austria,2019-05-26,23.92
Austria,2019-05-27,37.92
Austria,2019-05-28,41.96
Austria,2019-05-29,40.51
Austria,2019-05-30,19.65
Austria,2019-05-31,36.16
Austria,2019-06-01,30.33
Austria,2019-06-02,20.33
Austria,2019-06-03,37.15
Austria,2019-06-04,38.13
Austria,2019-06-05,36.7
Austria,2019-06-06,36.08
Austria,2019-06-07,34.29
Austria,2019-06-08,16.91
Austria,2019-06-09,23.47
Austria,2019-06-10,30.13
Austria,2019-06-11,42.17
Austria,2019-06-12,43.09
Austria,2019-06-13,38.64
Austria,2019-06-14,41.27
Austria,2019-06-15,29.79
Austria,2019-06-16,29.62
Austria,2019-06-17,41.44
Austria,2019-06-18,41.77
Austria,2019-06-19,40.23
Austria,2019-06-20,36.4
Austria,2019-06-21,38.13
Austria,2019-06-22,31.67
Austria,2019-06-23,21.56
Austria,2019-06-24,34.6
Austria,2019-06-25,39.85
Austria,2019-06-26,37.49
Austria,2019-06-27,35.7
Austria,2019-06-28,41.82
Austria,2019-06-29,32.58
Austria,2019-06-30,15.01
Austria,2019-07-01,33.41
Austria,2019-07-02,34.28
Austria,2019-07-03,35.88
Austria,2019-07-04,34.48
Austria,2019-07-05,35.72
Austria,2019-07-06,28.96
Austria,2019-07-07,21.65
Austria,2019-07-08,35.49
Austria,2019-07-09,37.64
Austria,2019-07-10,41.81
Austria,2019-07-11,46.07
Austria,2019-07-12,44.33
Austria,2019-07-13,36.41
Austria,2019-07-14,32.97
Austria,2019-07-15,39.81
Austria,2019-07-16,43.76
Austria,2019-07-17,46.42
Austria,2019-07-18,44.22
Austria,2019-07-19,44.91
Austria,2019-07-20,36.01
Austria,2019-07-21,33.46
Austria,2019-07-22,44.51
Austria,2019-07-23,46.94
Austria,2019-07-24,50.62
Austria,2019-07-25,51.4
Austria,2019-07-26,46.8
Austria,2019-07-27,36.09
Austria,2019-07-28,34.77
Austria,2019-07-29,45.96
Austria,2019-07-30,43.81
Austria,2019-07-31,46.05
Austria,2019-08-01,45.79
Austria,2019-08-02,44.05
Austria,2019-08-03,37.22
Austria,2019-08-04,35.37
Austria,2019-08-05,45.87
Austria,2019-08-06,42.58
Austria,2019-08-07,41.53
Austria,2019-08-08,35.87
Austria,2019-08-09,38.27
Austria,2019-08-10,20.52
Austria,2019-08-11,16.49
Austria,2019-08-12,41.63
Austria,2019-08-13,38.1
Austria,2019-08-14,38.86
Austria,2019-08-15,31.34
Austria,2019-08-16,35.33
Austria,2019-08-17,26.85
Austria,2019-08-18,27.96
Austria,2019-08-19,36.34
Austria,2019-08-20,40.91
Austria,2019-08-21,40.93
Austria,2019-08-22,37.39
Austria,2019-08-23,37.67
Austria,2019-08-24,32.05
Austria,2019-08-25,31.33
Austria,2019-08-26,43.84
Austria,2019-08-27,45.29
Austria,2019-08-28,49.15
Austria,2019-08-29,45.8
Austria,2019-08-30,41.87
Austria,2019-08-31,33.37
Austria,2019-09-01,30.49
Austria,2019-09-02,39.2
Austria,2019-09-03,36.22
Austria,2019-09-04,34.1
Austria,2019-09-05,33.28
Austria,2019-09-06,33.36
Austria,2019-09-07,34.84
Austria,2019-09-08,34.92
Austria,2019-09-09,43.34
Austria,2019-09-10,36.76
Austria,2019-09-11,34.31
Austria,2019-09-12,38.18
Austria,2019-09-13,38.31
Austria,2019-09-14,35.96
Austria,2019-09-15,29.58
Austria,2019-09-16,44.22
Austria,2019-09-17,39.84
Austria,2019-09-18,40.53
Austria,2019-09-19,44.98
Austria,2019-09-20,45.65
Austria,2019-09-21,35.43
Austria,2019-09-22,31.49
Austria,2019-09-23,46.62
Austria,2019-09-24,47.44
Austria,2019-09-25,48.15
Austria,2019-09-26,43.31
Austria,2019-09-27,41.27
Austria,2019-09-28,31.14
Austria,2019-09-29,22.89
Austria,2019-09-30,39.64
Austria,2019-10-01,42.28
Austria,2019-10-02,42.39
Austria,2019-10-03,41.14
Austria,2019-10-04,43.77
Austria,2019-10-05,37.19
Austria,2019-10-06,33.06
Austria,2019-10-07,46.55
Austria,2019-10-08,38.13
Austria,2019-10-09,38.14
Austria,2019-10-10,32.83
Austria,2019-10-11,29.17
Austria,2019-10-12,28.76
Austria,2019-10-13,24.68
Austria,2019-10-14,40.39
Austria,2019-10-15,43.38
Austria,2019-10-16,39.89
Austria,2019-10-17,44.35
Austria,2019-10-18,38.16
Austria,2019-10-19,33.92
Austria,2019-10-20,35.26
Austria,2019-10-21,45.93
Austria,2019-10-22,46.95
Austria,2019-10-23,43.86
Austria,2019-10-24,39.09
Austria,2019-10-25,37.49
Austria,2019-10-26,30.54
Austria,2019-10-27,30.95
Austria,2019-10-28,45.14
Austria,2019-10-29,48.69
Austria,2019-10-30,49.0
Austria,2019-10-31,44.39
Austria,2019-11-01,32.46
Austria,2019-11-02,29.71
Austria,2019-11-03,30.28
Austria,2019-11-04,40.43
Austria,2019-11-05,43.65
Austria,2019-11-06,50.37
Austria,2019-11-07,43.06
Austria,2019-11-08,47.46
Austria,2019-11-09,40.56
Austria,2019-11-10,39.54
Austria,2019-11-11,42.94
Austria,2019-11-12,45.78
Austria,2019-11-13,49.53
Austria,2019-11-14,48.17
Austria,2019-11-15,43.98
Austria,2019-11-16,39.74
Austria,2019-11-17,37.94
Austria,2019-11-18,45.96
Austria,2019-11-19,48.59
Austria,2019-11-20,54.62
Austria,2019-11-21,50.14
Austria,2019-11-22,43.94
Austria,2019-11-23,32.55
Austria,2019-11-24,35.99
Austria,2019-11-25,48.69
Austria,2019-11-26,47.0
Austria,2019-11-27,41.75
Austria,2019-11-28,40.73
Austria,2019-11-29,42.66
Austria,2019-11-30,42.53
Austria,2019-12-01,42.78
Austria,2019-12-02,48.87
Austria,2019-12-03,51.9
Austria,2019-12-04,52.34
Austria,2019-12-05,47.87
Austria,2019-12-06,44.37
Austria,2019-12-07,36.27
Austria,2019-12-08,32.34
Austria,2019-12-09,42.73
Austria,2019-12-10,45.14
Austria,2019-12-11,46.9
Austria,2019-12-12,48.49
Austria,2019-12-13,44.26
Austria,2019-12-14,35.28
Austria,2019-12-15,33.49
Austria,2019-12-16,45.06
Austria,2019-12-17,43.44
Austria,2019-12-18,43.18
Austria,2019-12-19,37.36
Austria,2019-12-20,30.89
Austria,2019-12-21,29.68
Austria,2019-12-22,27.31
Austria,2019-12-23,26.53
Austria,2019-12-24,23.78
Austria,2019-12-25,24.11
Austria,2019-12-26,30.11
Austria,2019-12-27,37.91
Austria,2019-12-28,34.23
Austria,2019-12-29,29.96
Austria,2019-12-30,30.47
Austria,2019-12-31,33.2
Austria,2020-01-01,32.14
Austria,2020-01-02,37.9
Austria,2020-01-03,37.81
Austria,2020-01-04,31.23
Austria,2020-01-05,35.76
Austria,2020-01-06,39.04
Austria,2020-01-07,41.06
Austria,2020-01-08,44.12
Austria,2020-01-09,42.25
Austria,2020-01-10,41.54
Austria,2020-01-11,36.23
Austria,2020-01-12,32.77
Austria,2020-01-13,43.55
Austria,2020-01-14,42.47
Austria,2020-01-15,40.78
Austria,2020-01-16,42.76
Austria,2020-01-17,40.28
Austria,2020-01-18,37.95
Austria,2020-01-19,36.86
Austria,2020-01-20,45.75
Austria,2020-01-21,45.85
Austria,2020-01-22,47.31
Austria,2020-01-23,50.34
Austria,2020-01-24,49.88
Austria,2020-01-25,41.23
Austria,2020-01-26,37.07
Austria,2020-01-27,42.96
Austria,2020-01-28,40.34
Austria,2020-01-29,39.54
Austria,2020-01-30,40.48
Austria,2020-01-31,38.41
Austria,2020-02-01,35.4
Austria,2020-02-02,23.02
Austria,2020-02-03,31.98
Austria,2020-02-04,29.39
Austria,2020-02-05,36.31
Austria,2020-02-06,37.42
Austria,2020-02-07,37.18
Austria,2020-02-08,29.29
Austria,2020-02-09,24.94
Austria,2020-02-10,28.66
Austria,2020-02-11,25.29
Austria,2020-02-12,24.64
Austria,2020-02-13,34.71
Austria,2020-02-14,35.92
Austria,2020-02-15,25.4
Austria,2020-02-16,13.48
Austria,2020-02-17,27.9
Austria,2020-02-18,28.68
Austria,2020-02-19,32.87
Austria,2020-02-20,31.31
Austria,2020-02-21,29.41
Austria,2020-02-22,26.85
Austria,2020-02-23,14.74
Austria,2020-02-24,31.28
Austria,2020-02-25,30.13
Austria,2020-02-26,32.6
Austria,2020-02-27,37.64
Austria,2020-02-28,31.62
Austria,2020-02-29,22.04
Austria,2020-03-01,23.92
Austria,2020-03-02,34.2
Austria,2020-03-03,36.52
Austria,2020-03-04,38.86
Austria,2020-03-05,35.71
Austria,2020-03-06,31.51
Austria,2020-03-07,28.87
Austria,2020-03-08,20.78
Austria,2020-03-09,34.83
Austria,2020-03-10,29.24
Austria,2020-03-11,27.47
Austria,2020-03-12,26.83
Austria,2020-03-13,26.19
Austria,2020-03-14,29.76
Austria,2020-03-15,11.9
Austria,2020-03-16,32.61
Austria,2020-03-17,28.72
Austria,2020-03-18,26.83
Austria,2020-03-19,29.41
Austria,2020-03-20,24.36
Austria,2020-03-21,11.89
Austria,2020-03-22,5.44
Austria,2020-03-23,19.92
Austria,2020-03-24,20.14
Austria,2020-03-25,22.59
Austria,2020-03-26,22.25
Austria,2020-03-27,22.1
Austria,2020-03-28,14.87
Austria,2020-03-29,5.31
Austria,2020-03-30,23.04
Austria,2020-03-31,26.05
Austria,2020-04-01,23.19
Austria,2020-04-02,22.12
Austria,2020-04-03,22.92
Austria,2020-04-04,19.91
Austria,2020-04-05,9.14
Austria,2020-04-06,18.13
Austria,2020-04-07,23.56
Austria,2020-04-08,25.59
Austria,2020-04-09,23.82
Austria,2020-04-10,21.47
Austria,2020-04-11,19.46
Austria,2020-04-12,11.75
Austria,2020-04-13,-2.36
Austria,2020-04-14,21.3
Austria,2020-04-15,20.46
Austria,2020-04-16,24.53
Austria,2020-04-17,26.14
Austria,2020-04-18,19.58
Austria,2020-04-19,8.19
Austria,2020-04-20,12.04
Austria,2020-04-21,6.98
Austria,2020-04-22,11.47
Austria,2020-04-23,26.96
Austria,2020-04-24,19.18
Austria,2020-04-25,18.12
Austria,2020-04-26,19.06
Austria,2020-04-27,26.54
Austria,2020-04-28,25.21
Austria,2020-04-29,22.88
Austria,2020-04-30,18.43
Austria,2020-05-01,7.25
Austria,2020-05-02,12.38
Austria,2020-05-03,13.21
Austria,2020-05-04,23.99
Austria,2020-05-05,21.87
Austria,2020-05-06,21.17
Austria,2020-05-07,23.76
Austria,2020-05-08,23.8
Austria,2020-05-09,21.48
Austria,2020-05-10,11.83
Austria,2020-05-11,15.71
Austria,2020-05-12,22.13
Austria,2020-05-13,27.79
Austria,2020-05-14,23.59
Austria,2020-05-15,21.55
Austria,2020-05-16,16.66
Austria,2020-05-17,9.27
Austria,2020-05-18,20.96
Austria,2020-05-19,23.82
Austria,2020-05-20,28.99
Austria,2020-05-21,19.19
Austria,2020-05-22,19.01
Austria,2020-05-23,9.72
Austria,2020-05-24,-13.13
Austria,2020-05-25,18.94
Austria,2020-05-26,26.93
Austria,2020-05-27,22.29
Austria,2020-05-28,20.3
Austria,2020-05-29,22.08
Austria,2020-05-30,13.34
Austria,2020-05-31,4.37
Austria,2020-06-01,8.86
Austria,2020-06-02,24.95
Austria,2020-06-03,26.85
Austria,2020-06-04,25.99
Austria,2020-06-05,22.68
Austria,2020-06-06,8.16
Austria,2020-06-07,15.42
Austria,2020-06-08,31.07
Austria,2020-06-09,35.3
Austria,2020-06-10,32.1
Austria,2020-06-11,24.33
Austria,2020-06-12,21.32
Austria,2020-06-13,19.43
Austria,2020-06-14,18.28
Austria,2020-06-15,31.1
Austria,2020-06-16,36.01
Austria,2020-06-17,35.11
Austria,2020-06-18,31.73
Austria,2020-06-19,29.63
Austria,2020-06-20,22.72
Austria,2020-06-21,18.73
Austria,2020-06-22,29.73
Austria,2020-06-23,32.28
Austria,2020-06-24,34.7
Austria,2020-06-25,34.78
Austria,2020-06-26,34.9
Austria,2020-06-27,26.49
Austria,2020-06-28,18.75
Austria,2020-06-29,29.48
Austria,2020-06-30,26.53
Austria,2020-07-01,34.04
Austria,2020-07-02,38.13
Austria,2020-07-03,33.87
Austria,2020-07-04,18.7
Austria,2020-07-05,3.42
Austria,2020-07-06,24.88
Austria,2020-07-07,33.3
Austria,2020-07-08,41.24
Austria,2020-07-09,42.17
Austria,2020-07-10,36.45
Austria,2020-07-11,28.53
Austria,2020-07-12,24.94
Austria,2020-07-13,35.77
Austria,2020-07-14,36.47
Austria,2020-07-15,41.73
Austria,2020-07-16,42.97
Austria,2020-07-17,38.06
Austria,2020-07-18,29.32
Austria,2020-07-19,27.2
Austria,2020-07-20,34.39
Austria,2020-07-21,33.31
Austria,2020-07-22,35.74
Austria,2020-07-23,35.97
Austria,2020-07-24,32.7
Austria,2020-07-25,26.9
Austria,2020-07-26,21.6
Austria,2020-07-27,32.79
Austria,2020-07-28,30.43
Austria,2020-07-29,31.95
Austria,2020-07-30,36.25
Austria,2020-07-31,38.6
Austria,2020-08-01,29.17
Austria,2020-08-02,28.11
Austria,2020-08-03,37.64
Austria,2020-08-04,35.74
Austria,2020-08-05,30.96
Austria,2020-08-06,34.77
Austria,2020-08-07,35.67
Austria,2020-08-08,31.34
Austria,2020-08-09,27.97
Austria,2020-08-10,37.54
Austria,2020-08-11,36.07
Austria,2020-08-12,36.62
Austria,2020-08-13,38.83
Austria,2020-08-14,40.66
Austria,2020-08-15,31.18
Austria,2020-08-16,28.26
Austria,2020-08-17,39.71
Austria,2020-08-18,41.42
Austria,2020-08-19,38.67
Austria,2020-08-20,37.25
Austria,2020-08-21,32.57
Austria,2020-08-22,25.65
Austria,2020-08-23,19.71
Austria,2020-08-24,42.16
Austria,2020-08-25,36.79
Austria,2020-08-26,30.9
Austria,2020-08-27,47.79
Austria,2020-08-28,41.44
Austria,2020-08-29,36.31
Austria,2020-08-30,32.37
Austria,2020-08-31,51.92
Austria,2020-09-01,51.84
Austria,2020-09-02,49.9
Austria,2020-09-03,41.73
Austria,2020-09-04,40.52
Austria,2020-09-05,32.86
Austria,2020-09-06,33.78
Austria,2020-09-07,43.87
Austria,2020-09-08,40.68
Austria,2020-09-09,40.66
Austria,2020-09-10,48.73
Austria,2020-09-11,47.38
Austria,2020-09-12,35.91
Austria,2020-09-13,32.67
Austria,2020-09-14,52.11
Austria,2020-09-15,64.87
Austria,2020-09-16,52.8
Austria,2020-09-17,50.04
Austria,2020-09-18,45.71
Austria,2020-09-19,38.55
Austria,2020-09-20,38.63
Austria,2020-09-21,60.96
Austria,2020-09-22,57.13
Austria,2020-09-23,48.91
Austria,2020-09-24,44.31
Austria,2020-09-25,42.61
Austria,2020-09-26,32.44
Austria,2020-09-27,31.38
Austria,2020-09-28,48.57
Austria,2020-09-29,56.7
Austria,2020-09-30,49.21
Austria,2020-10-01,43.18
Austria,2020-10-02,35.58
Austria,2020-10-03,21.4
Austria,2020-10-04,8.34
Austria,2020-10-05,35.94
Austria,2020-10-06,35.23
Austria,2020-10-07,37.41
Austria,2020-10-08,33.22
Austria,2020-10-09,42.25
Austria,2020-10-10,32.12
Austria,2020-10-11,31.56
Austria,2020-10-12,47.28
Austria,2020-10-13,46.07
Austria,2020-10-14,36.91
Austria,2020-10-15,42.77
Austria,2020-10-16,47.48
Austria,2020-10-17,40.41
Austria,2020-10-18,33.33
Austria,2020-10-19,43.85
Austria,2020-10-20,36.53
Austria,2020-10-21,35.15
Austria,2020-10-22,38.15
Austria,2020-10-23,44.64
Austria,2020-10-24,29.32
Austria,2020-10-25,17.23
Austria,2020-10-26,39.18
Austria,2020-10-27,35.63
Austria,2020-10-28,33.57
Austria,2020-10-29,34.74
Austria,2020-10-30,33.3
Austria,2020-10-31,30.42
Austria,2020-11-01,17.69
Austria,2020-11-02,27.06
Austria,2020-11-03,36.77
Austria,2020-11-04,40.18
Austria,2020-11-05,39.34
Austria,2020-11-06,40.77
Austria,2020-11-07,35.35
Austria,2020-11-08,34.72
Austria,2020-11-09,43.84
Austria,2020-11-10,47.71
Austria,2020-11-11,44.46
Austria,2020-11-12,40.39
Austria,2020-11-13,41.23
Austria,2020-11-14,34.46
Austria,2020-11-15,18.15
Austria,2020-11-16,36.68
Austria,2020-11-17,40.46
Austria,2020-11-18,40.23
Austria,2020-11-19,38.81
Austria,2020-11-20,43.77
Austria,2020-11-21,35.55
Austria,2020-11-22,33.73
Austria,2020-11-23,46.77
Austria,2020-11-24,45.95
Austria,2020-11-25,47.89
Austria,2020-11-26,56.05
Austria,2020-11-27,63.21
Austria,2020-11-28,46.11
Austria,2020-11-29,45.36
Austria,2020-11-30,56.74
Austria,2020-12-01,56.45
Austria,2020-12-02,71.75
Austria,2020-12-03,55.76
Austria,2020-12-04,52.82
Austria,2020-12-05,49.05
Austria,2020-12-06,45.31
Austria,2020-12-07,54.63
Austria,2020-12-08,65.81
Austria,2020-12-09,77.55
Austria,2020-12-10,72.62
Austria,2020-12-11,50.4
Austria,2020-12-12,46.54
Austria,2020-12-13,43.08
Austria,2020-12-14,48.89
Austria,2020-12-15,53.39
Austria,2020-12-16,56.61
Austria,2020-12-17,60.0
Austria,2020-12-18,55.29
Austria,2020-12-19,43.78
Austria,2020-12-20,43.71
Austria,2020-12-21,51.7
Austria,2020-12-22,50.95
Austria,2020-12-23,46.75
Austria,2020-12-24,33.49
Austria,2020-12-25,34.73
Austria,2020-12-26,29.42
Austria,2020-12-27,25.29
Austria,2020-12-28,42.89
Austria,2020-12-29,47.24
Austria,2020-12-30,46.82
Austria,2020-12-31,48.05
Austria,2021-01-01,47.2
Austria,2021-01-02,52.07
Austria,2021-01-03,42.7
Austria,2021-01-04,55.23
Austria,2021-01-05,56.32
Austria,2021-01-06,56.29
Austria,2021-01-07,71.39
Austria,2021-01-08,78.24
Austria,2021-01-09,59.72
Austria,2021-01-10,53.01
Austria,2021-01-11,57.77
Austria,2021-01-12,56.96
Austria,2021-01-13,57.77
Austria,2021-01-14,71.56
Austria,2021-01-15,76.6
Austria,2021-01-16,56.24
Austria,2021-01-17,54.34
Austria,2021-01-18,64.61
Austria,2021-01-19,65.82
Austria,2021-01-20,57.43
Austria,2021-01-21,56.1
Austria,2021-01-22,53.01
Austria,2021-01-23,51.88
Austria,2021-01-24,49.89
Austria,2021-01-25,63.78
Austria,2021-01-26,61.93
Austria,2021-01-27,59.47
Austria,2021-01-28,56.07
Austria,2021-01-29,51.37
Austria,2021-01-30,47.95
Austria,2021-01-31,46.55
Austria,2021-02-01,58.24
Austria,2021-02-02,54.99
Austria,2021-02-03,45.91
Austria,2021-02-04,51.12
Austria,2021-02-05,51.26
Austria,2021-02-06,36.95
Austria,2021-02-07,23.09
Austria,2021-02-08,48.57
Austria,2021-02-09,63.88
Austria,2021-02-10,68.98
Austria,2021-02-11,77.74
Austria,2021-02-12,63.66
Austria,2021-02-13,54.43
Austria,2021-02-14,47.94
Austria,2021-02-15,56.24
Austria,2021-02-16,57.9
Austria,2021-02-17,54.6
Austria,2021-02-18,51.7
Austria,2021-02-19,51.43
Austria,2021-02-20,38.07
Austria,2021-02-21,34.59
Austria,2021-02-22,51.33
Austria,2021-02-23,47.5
Austria,2021-02-24,46.8
Austria,2021-02-25,47.59
Austria,2021-02-26,48.39
Austria,2021-02-27,44.18
Austria,2021-02-28,41.9
Austria,2021-03-01,52.98
Austria,2021-03-02,55.32
Austria,2021-03-03,53.81
Austria,2021-03-04,53.01
Austria,2021-03-05,53.14
Austria,2021-03-06,45.37
Austria,2021-03-07,44.94
Austria,2021-03-08,60.77
Austria,2021-03-09,61.34
Austria,2021-03-10,54.72
Austria,2021-03-11,49.85
Austria,2021-03-12,47.87
Austria,2021-03-13,38.23
Austria,2021-03-14,33.31
Austria,2021-03-15,50.89
Austria,2021-03-16,56.93
Austria,2021-03-17,59.19
Austria,2021-03-18,64.58
Austria,2021-03-19,61.95
Austria,2021-03-20,51.59
Austria,2021-03-21,41.61
Austria,2021-03-22,60.93
Austria,2021-03-23,62.48
Austria,2021-03-24,60.39
Austria,2021-03-25,63.01
Austria,2021-03-26,59.42
Austria,2021-03-27,45.85
Austria,2021-03-28,40.83
Austria,2021-03-29,52.42
Austria,2021-03-30,57.28
Austria,2021-03-31,58.75
Austria,2021-04-01,54.8
Austria,2021-04-02,43.27
Austria,2021-04-03,41.3
Austria,2021-04-04,32.73
Austria,2021-04-05,17.84
Austria,2021-04-06,53.97
Austria,2021-04-07,56.91
Austria,2021-04-08,61.85
Austria,2021-04-09,62.33
Austria,2021-04-10,58.02
Austria,2021-04-11,48.48
Austria,2021-04-12,65.85
Austria,2021-04-13,68.64
Austria,2021-04-14,76.0
Austria,2021-04-15,75.21
Austria,2021-04-16,71.55
Austria,2021-04-17,63.23
Austria,2021-04-18,63.12
Austria,2021-04-19,81.13
Austria,2021-04-20,82.55
Austria,2021-04-21,76.16
Austria,2021-04-22,66.15
Austria,2021-04-23,66.62
Austria,2021-04-24,54.12
Austria,2021-04-25,43.0
Austria,2021-04-26,67.66
Austria,2021-04-27,69.02
Austria,2021-04-28,67.06
Austria,2021-04-29,68.59
Austria,2021-04-30,71.05
Austria,2021-05-01,57.41
Austria,2021-05-02,46.6
Austria,2021-05-03,63.22
Austria,2021-05-04,37.11
Austria,2021-05-05,47.29
Austria,2021-05-06,68.01
Austria,2021-05-07,69.21
Austria,2021-05-08,48.72
Austria,2021-05-09,9.74
Austria,2021-05-10,60.96
Austria,2021-05-11,71.86
Austria,2021-05-12,69.4
Austria,2021-05-13,59.25
Austria,2021-05-14,68.3
Austria,2021-05-15,60.18
Austria,2021-05-16,42.64
Austria,2021-05-17,70.94
Austria,2021-05-18,74.54
Austria,2021-05-19,77.23
Austria,2021-05-20,68.77
Austria,2021-05-21,39.17
Austria,2021-05-22,18.31
Austria,2021-05-23,22.35
Austria,2021-05-24,28.27
Austria,2021-05-25,60.98
Austria,2021-05-26,66.77
Austria,2021-05-27,72.24
Austria,2021-05-28,74.61
Austria,2021-05-29,56.84
Austria,2021-05-30,41.3
Austria,2021-05-31,68.96
Austria,2021-06-01,68.66
Austria,2021-06-02,65.67
Austria,2021-06-03,62.72
Austria,2021-06-04,72.1
Austria,2021-06-05,61.38
Austria,2021-06-06,55.8
Austria,2021-06-07,76.59
Austria,2021-06-08,77.05
Austria,2021-06-09,77.5
Austria,2021-06-10,78.52
Austria,2021-06-11,76.07
Austria,2021-06-12,39.9
Austria,2021-06-13,27.56
Austria,2021-06-14,76.41
Austria,2021-06-15,82.75
Austria,2021-06-16,84.06
Austria,2021-06-17,80.69
Austria,2021-06-18,80.95
Austria,2021-06-19,69.22
Austria,2021-06-20,56.23
Austria,2021-06-21,80.86
Austria,2021-06-22,84.59
Austria,2021-06-23,93.64
Austria,2021-06-24,96.54
Austria,2021-06-25,89.53
Austria,2021-06-26,76.76
Austria,2021-06-27,64.77
Austria,2021-06-28,88.44
Austria,2021-06-29,92.02
Austria,2021-06-30,91.82
Austria,2021-07-01,89.57
Austria,2021-07-02,98.26
Austria,2021-07-03,84.38
Austria,2021-07-04,80.55
Austria,2021-07-05,94.78
Austria,2021-07-06,85.59
Austria,2021-07-07,100.56
Austria,2021-07-08,107.81
Austria,2021-07-09,91.68
Austria,2021-07-10,80.91
Austria,2021-07-11,77.8
Austria,2021-07-12,92.59
Austria,2021-07-13,93.68
Austria,2021-07-14,87.54
Austria,2021-07-15,88.19
Austria,2021-07-16,85.55
Austria,2021-07-17,64.2
Austria,2021-07-18,49.67
Austria,2021-07-19,88.91
Austria,2021-07-20,91.75
Austria,2021-07-21,94.05
Austria,2021-07-22,90.61
Austria,2021-07-23,88.67
Austria,2021-07-24,73.96
Austria,2021-07-25,63.68
Austria,2021-07-26,89.26
Austria,2021-07-27,87.0
Austria,2021-07-28,81.7
Austria,2021-07-29,69.72
Austria,2021-07-30,72.7
Austria,2021-07-31,46.58
Austria,2021-08-01,58.17
Austria,2021-08-02,79.16
Austria,2021-08-03,96.2
Austria,2021-08-04,97.25
Austria,2021-08-05,91.46
Austria,2021-08-06,67.96
Austria,2021-08-07,58.19
Austria,2021-08-08,16.62
Austria,2021-08-09,73.63
Austria,2021-08-10,90.46
Austria,2021-08-11,101.16
Austria,2021-08-12,104.3
Austria,2021-08-13,94.07
Austria,2021-08-14,67.38
Austria,2021-08-15,58.58
Austria,2021-08-16,70.69
Austria,2021-08-17,64.1
Austria,2021-08-18,78.73
Austria,2021-08-19,94.94
Austria,2021-08-20,102.97
Austria,2021-08-21,87.97
Austria,2021-08-22,73.72
Austria,2021-08-23,91.18
Austria,2021-08-24,95.73
Austria,2021-08-25,85.91
Austria,2021-08-26,92.31
Austria,2021-08-27,94.12
Austria,2021-08-28,83.62
Austria,2021-08-29,76.28
Austria,2021-08-30,103.38
Austria,2021-08-31,109.45
Austria,2021-09-01,112.89
Austria,2021-09-02,118.24
Austria,2021-09-03,110.37
Austria,2021-09-04,104.66
Austria,2021-09-05,94.56
Austria,2021-09-06,127.56
Austria,2021-09-07,129.25
Austria,2021-09-08,123.43
Austria,2021-09-09,131.13
Austria,2021-09-10,138.13
Austria,2021-09-11,123.65
Austria,2021-09-12,108.22
Austria,2021-09-13,142.56
Austria,2021-09-14,148.2
Austria,2021-09-15,166.44
Austria,2021-09-16,164.12
Austria,2021-09-17,160.0
Austria,2021-09-18,136.92
Austria,2021-09-19,110.21
Austria,2021-09-20,157.71
Austria,2021-09-21,151.28
Austria,2021-09-22,148.26
Austria,2021-09-23,131.52
Austria,2021-09-24,129.76
Austria,2021-09-25,138.28
Austria,2021-09-26,125.7
Austria,2021-09-27,151.52
Austria,2021-09-28,162.78
Austria,2021-09-29,153.38
Austria,2021-09-30,152.45
Austria,2021-10-01,143.1
Austria,2021-10-02,107.88
Austria,2021-10-03,68.42
Austria,2021-10-04,173.49
Austria,2021-10-05,160.13
Austria,2021-10-06,196.14
Austria,2021-10-07,293.35
Austria,2021-10-08,208.77
Austria,2021-10-09,163.35
Austria,2021-10-10,158.92
Austria,2021-10-11,186.06
Austria,2021-10-12,186.54
Austria,2021-10-13,194.75
Austria,2021-10-14,185.85
Austria,2021-10-15,189.33
Austria,2021-10-16,177.95
Austria,2021-10-17,161.93
Austria,2021-10-18,205.76
Austria,2021-10-19,175.68
Austria,2021-10-20,153.19
Austria,2021-10-21,157.48
Austria,2021-10-22,187.54
Austria,2021-10-23,169.08
Austria,2021-10-24,147.87
Austria,2021-10-25,197.32
Austria,2021-10-26,200.58
Austria,2021-10-27,212.07
Austria,2021-10-28,191.34
Austria,2021-10-29,162.88
Austria,2021-10-30,118.05
Austria,2021-10-31,91.97
Austria,2021-11-01,107.51
Austria,2021-11-02,204.17
Austria,2021-11-03,200.5
Austria,2021-11-04,179.61
Austria,2021-11-05,176.28
Austria,2021-11-06,148.67
Austria,2021-11-07,124.65
Austria,2021-11-08,189.94
Austria,2021-11-09,193.99
Austria,2021-11-10,194.2
Austria,2021-11-11,194.87
Austria,2021-11-12,193.41
Austria,2021-11-13,174.44
Austria,2021-11-14,168.07
Austria,2021-11-15,219.46
Austria,2021-11-16,235.73
Austria,2021-11-17,206.46
Austria,2021-11-18,215.45
Austria,2021-11-19,210.14
Austria,2021-11-20,193.67
Austria,2021-11-21,207.29
Austria,2021-11-22,250.65
Austria,2021-11-23,261.61
Austria,2021-11-24,291.33
Austria,2021-11-25,270.22
Austria,2021-11-26,243.4
Austria,2021-11-27,220.62
Austria,2021-11-28,210.72
Austria,2021-11-29,286.31
Austria,2021-11-30,222.26
Austria,2021-12-01,238.01
Austria,2021-12-02,263.02
Austria,2021-12-03,230.95
Austria,2021-12-04,209.74
Austria,2021-12-05,205.83
Austria,2021-12-06,274.22
Austria,2021-12-07,247.67
Austria,2021-12-08,219.03
Austria,2021-12-09,281.67
Austria,2021-12-10,256.24
Austria,2021-12-11,238.28
Austria,2021-12-12,200.49
Austria,2021-12-13,274.98
Austria,2021-12-14,309.29
Austria,2021-12-15,307.64
Austria,2021-12-16,353.95
Austria,2021-12-17,347.65
Austria,2021-12-18,279.42
Austria,2021-12-19,237.94
Austria,2021-12-20,364.35
Austria,2021-12-21,426.83
Austria,2021-12-22,431.21
Austria,2021-12-23,355.39
Austria,2021-12-24,250.78
Austria,2021-12-25,242.83
Austria,2021-12-26,222.07
Austria,2021-12-27,244.16
Austria,2021-12-28,158.61
Austria,2021-12-29,157.82
Austria,2021-12-30,122.37
Austria,2021-12-31,78.95
Austria,2022-01-01,76.09
Austria,2022-01-02,76.14
Austria,2022-01-03,119.88
Austria,2022-01-04,156.58
Austria,2022-01-05,135.67
Austria,2022-01-06,199.84
Austria,2022-01-07,184.49
Austria,2022-01-08,174.64
Austria,2022-01-09,165.81
Austria,2022-01-10,267.05
Austria,2022-01-11,257.83
Austria,2022-01-12,241.26
Austria,2022-01-13,201.3
Austria,2022-01-14,196.61
Austria,2022-01-15,221.94
Austria,2022-01-16,177.72
Austria,2022-01-17,190.16
Austria,2022-01-18,237.43
Austria,2022-01-19,199.88
Austria,2022-01-20,177.99
Austria,2022-01-21,183.48
Austria,2022-01-22,189.83
Austria,2022-01-23,191.42
Austria,2022-01-24,242.01
Austria,2022-01-25,281.85
Austria,2022-01-26,241.16
Austria,2022-01-27,195.4
Austria,2022-01-28,203.36
Austria,2022-01-29,169.92
Austria,2022-01-30,151.2
Austria,2022-01-31,209.27
Austria,2022-02-01,200.97
Austria,2022-02-02,195.58
Austria,2022-02-03,203.55
Austria,2022-02-04,192.63
Austria,2022-02-05,158.17
Austria,2022-02-06,143.75
Austria,2022-02-07,181.04
Austria,2022-02-08,166.52
Austria,2022-02-09,187.57
Austria,2022-02-10,195.68
Austria,2022-02-11,192.59
Austria,2022-02-12,161.9
Austria,2022-02-13,126.25
Austria,2022-02-14,165.41
Austria,2022-02-15,191.8
Austria,2022-02-16,180.41
Austria,2022-02-17,147.47
Austria,2022-02-18,143.2
Austria,2022-02-19,108.58
Austria,2022-02-20,92.59
Austria,2022-02-21,124.45
Austria,2022-02-22,138.95
Austria,2022-02-23,150.6
Austria,2022-02-24,142.87
Austria,2022-02-25,160.48
Austria,2022-02-26,224.09
Austria,2022-02-27,182.94
Austria,2022-02-28,242.25
Austria,2022-03-01,264.24
Austria,2022-03-02,280.67
Austria,2022-03-03,339.84
Austria,2022-03-04,380.3
Austria,2022-03-05,345.09
Austria,2022-03-06,344.28
Austria,2022-03-07,413.28
Austria,2022-03-08,562.37
Austria,2022-03-09,498.92
Austria,2022-03-10,385.12
Austria,2022-03-11,304.68
Austria,2022-03-12,240.61
Austria,2022-03-13,227.21
Austria,2022-03-14,304.03
Austria,2022-03-15,304.51
Austria,2022-03-16,267.45
Austria,2022-03-17,254.45
Austria,2022-03-18,240.25
Austria,2022-03-19,190.46
Austria,2022-03-20,151.19
Austria,2022-03-21,228.66
Austria,2022-03-22,238.42
Austria,2022-03-23,237.62
Austria,2022-03-24,242.27
Austria,2022-03-25,249.47
Austria,2022-03-26,210.87
Austria,2022-03-27,197.5
Austria,2022-03-28,233.61
Austria,2022-03-29,251.94
Austria,2022-03-30,270.88
Austria,2022-03-31,224.37
Austria,2022-04-01,196.81
Austria,2022-04-02,208.46
Austria,2022-04-03,200.59
Austria,2022-04-04,221.39
Austria,2022-04-05,220.2
Austria,2022-04-06,175.74
Austria,2022-04-07,143.75
Austria,2022-04-08,166.01
Austria,2022-04-09,114.27
Austria,2022-04-10,117.15
Austria,2022-04-11,235.46
Austria,2022-04-12,199.77
Austria,2022-04-13,229.84
Austria,2022-04-14,228.85
Austria,2022-04-15,189.84
Austria,2022-04-16,156.09
Austria,2022-04-17,126.17
Austria,2022-04-18,143.52
Austria,2022-04-19,227.81
Austria,2022-04-20,208.13
Austria,2022-04-21,199.43
Austria,2022-04-22,189.64
Austria,2022-04-23,138.1
Austria,2022-04-24,122.74
Austria,2022-04-25,229.63
Austria,2022-04-26,240.94
Austria,2022-04-27,227.31
Austria,2022-04-28,235.24
Austria,2022-04-29,226.62
Austria,2022-04-30,200.63
Austria,2022-05-01,189.19
Austria,2022-05-02,224.63
Austria,2022-05-03,219.87
Austria,2022-05-04,231.4
Austria,2022-05-05,235.48
Austria,2022-05-06,228.35
Austria,2022-05-07,198.11
Austria,2022-05-08,170.32
Austria,2022-05-09,221.1
Austria,2022-05-10,199.86
Austria,2022-05-11,188.61
Austria,2022-05-12,181.84
Austria,2022-05-13,189.37
Austria,2022-05-14,168.82
Austria,2022-05-15,152.65
Austria,2022-05-16,213.2
Austria,2022-05-17,226.8
Austria,2022-05-18,208.62
Austria,2022-05-19,210.97
Austria,2022-05-20,203.93
Austria,2022-05-21,122.7
Austria,2022-05-22,161.56
Austria,2022-05-23,188.63
Austria,2022-05-24,175.89
Austria,2022-05-25,176.78
Austria,2022-05-26,92.85
Austria,2022-05-27,87.04
Austria,2022-05-28,80.76
Austria,2022-05-29,151.44
Austria,2022-05-30,217.69
Austria,2022-05-31,214.98
Austria,2022-06-01,213.61
Austria,2022-06-02,194.84
Austria,2022-06-03,187.85
Austria,2022-06-04,166.21
Austria,2022-06-05,140.15
Austria,2022-06-06,128.91
Austria,2022-06-07,194.28
Austria,2022-06-08,190.34
Austria,2022-06-09,186.08
Austria,2022-06-10,187.46
Austria,2022-06-11,143.38
Austria,2022-06-12,123.64
Austria,2022-06-13,174.85
Austria,2022-06-14,200.55
Austria,2022-06-15,211.58
Austria,2022-06-16,202.62
Austria,2022-06-17,246.34
Austria,2022-06-18,204.34
Austria,2022-06-19,152.67
Austria,2022-06-20,275.92
Austria,2022-06-21,301.39
Austria,2022-06-22,336.23
Austria,2022-06-23,314.11
Austria,2022-06-24,289.29
Austria,2022-06-25,253.56
Austria,2022-06-26,233.99
Austria,2022-06-27,330.01
Austria,2022-06-28,355.25
Austria,2022-06-29,339.98
Austria,2022-06-30,345.89
Austria,2022-07-01,329.48
Austria,2022-07-02,265.8
Austria,2022-07-03,247.19
Austria,2022-07-04,346.95
Austria,2022-07-05,349.42
Austria,2022-07-06,341.58
Austria,2022-07-07,314.62
Austria,2022-07-08,313.59
Austria,2022-07-09,187.67
Austria,2022-07-10,174.05
Austria,2022-07-11,386.57
Austria,2022-07-12,391.31
Austria,2022-07-13,378.95
Austria,2022-07-14,386.83
Austria,2022-07-15,381.9
Austria,2022-07-16,281.17
Austria,2022-07-17,258.1
Austria,2022-07-18,435.88
Austria,2022-07-19,446.21
Austria,2022-07-20,420.38
Austria,2022-07-21,445.37
Austria,2022-07-22,438.2
Austria,2022-07-23,357.37
Austria,2022-07-24,315.99
Austria,2022-07-25,394.97
Austria,2022-07-26,434.56
Austria,2022-07-27,463.31
Austria,2022-07-28,508.17
Austria,2022-07-29,486.29
Austria,2022-07-30,400.88
Austria,2022-07-31,331.34
Austria,2022-08-01,446.39
Austria,2022-08-02,449.09
Austria,2022-08-03,438.49
Austria,2022-08-04,433.81
Austria,2022-08-05,410.86
Austria,2022-08-06,302.92
Austria,2022-08-07,254.02
Austria,2022-08-08,380.79
Austria,2022-08-09,360.08
Austria,2022-08-10,348.04
Austria,2022-08-11,373.57
Austria,2022-08-12,426.12
Austria,2022-08-13,395.68
Austria,2022-08-14,352.94
Austria,2022-08-15,419.92
Austria,2022-08-16,488.99
Austria,2022-08-17,552.56
Austria,2022-08-18,556.01
Austria,2022-08-19,526.38
Austria,2022-08-20,464.48
Austria,2022-08-21,390.55
Austria,2022-08-22,557.99
Austria,2022-08-23,609.79
Austria,2022-08-24,626.21
Austria,2022-08-25,626.29
Austria,2022-08-26,699.86
Austria,2022-08-27,606.03
Austria,2022-08-28,515.98
Austria,2022-08-29,718.32
Austria,2022-08-30,723.77
Austria,2022-08-31,680.39
Austria,2022-09-01,626.96
Austria,2022-09-02,528.51
Austria,2022-09-03,399.13
Austria,2022-09-04,366.16
Austria,2022-09-05,477.69
Austria,2022-09-06,519.46
Austria,2022-09-07,500.16
Austria,2022-09-08,452.62
Austria,2022-09-09,395.78
Austria,2022-09-10,391.83
Austria,2022-09-11,378.93
Austria,2022-09-12,428.49
Austria,2022-09-13,423.01
Austria,2022-09-14,449.55
Austria,2022-09-15,401.46
Austria,2022-09-16,370.81
Austria,2022-09-17,279.77
Austria,2022-09-18,184.02
Austria,2022-09-19,329.75
Austria,2022-09-20,374.25
Austria,2022-09-21,387.37
Austria,2022-09-22,397.79
Austria,2022-09-23,372.89
Austria,2022-09-24,344.45
Austria,2022-09-25,299.22
Austria,2022-09-26,320.12
Austria,2022-09-27,323.66
Austria,2022-09-28,396.87
Austria,2022-09-29,422.21
Austria,2022-09-30,346.82
Austria,2022-10-01,189.85
Austria,2022-10-02,145.24
Austria,2022-10-03,231.7
Austria,2022-10-04,269.98
Austria,2022-10-05,193.27
Austria,2022-10-06,199.04
Austria,2022-10-07,183.28
Austria,2022-10-08,181.15
Austria,2022-10-09,163.15
Austria,2022-10-10,202.36
Austria,2022-10-11,258.08
Austria,2022-10-12,279.75
Austria,2022-10-13,262.34
Austria,2022-10-14,254.39
Austria,2022-10-15,170.49
Austria,2022-10-16,138.32
Austria,2022-10-17,187.99
Austria,2022-10-18,200.16
Austria,2022-10-19,172.29
Austria,2022-10-20,156.15
Austria,2022-10-21,172.43
Austria,2022-10-22,142.74
Austria,2022-10-23,114.43
Austria,2022-10-24,144.39
Austria,2022-10-25,127.81
Austria,2022-10-26,129.37
Austria,2022-10-27,132.16
Austria,2022-10-28,117.28
Austria,2022-10-29,108.8
Austria,2022-10-30,108.8
Austria,2022-10-31,134.32
Austria,2022-11-01,109.79
Austria,2022-11-02,135.63
Austria,2022-11-03,136.13
Austria,2022-11-04,183.21
Austria,2022-11-05,137.99
Austria,2022-11-06,120.2
Austria,2022-11-07,134.11
Austria,2022-11-08,153.67
Austria,2022-11-09,183.61
Austria,2022-11-10,194.54
Austria,2022-11-11,200.89
Austria,2022-11-12,179.81
Austria,2022-11-13,159.84
Austria,2022-11-14,198.89
Austria,2022-11-15,230.19
Austria,2022-11-16,249.35
Austria,2022-11-17,247.17
Austria,2022-11-18,242.63
Austria,2022-11-19,223.35
Austria,2022-11-20,209.76
Austria,2022-11-21,255.64
Austria,2022-11-22,225.49
Austria,2022-11-23,222.81
Austria,2022-11-24,260.52
Austria,2022-11-25,268.64
Austria,2022-11-26,240.24
Austria,2022-11-27,184.5
Austria,2022-11-28,293.45
Austria,2022-11-29,374.11
Austria,2022-11-30,397.43
Austria,2022-12-01,396.95
Austria,2022-12-02,383.59
Austria,2022-12-03,290.22
Austria,2022-12-04,260.9
Austria,2022-12-05,349.52
Austria,2022-12-06,393.87
Austria,2022-12-07,364.6
Austria,2022-12-08,393.12
Austria,2022-12-09,420.87
Austria,2022-12-10,357.83
Austria,2022-12-11,327.52
Austria,2022-12-12,428.15
Austria,2022-12-13,437.15
Austria,2022-12-14,442.13
Austria,2022-12-15,414.47
Austria,2022-12-16,419.69
Austria,2022-12-17,280.32
Austria,2022-12-18,213.95
Austria,2022-12-19,242.11
Austria,2022-12-20,228.18
Austria,2022-12-21,233.78
Austria,2022-12-22,212.34
Austria,2022-12-23,186.71
Austria,2022-12-24,113.72
Austria,2022-12-25,106.24
Austria,2022-12-26,60.95
Austria,2022-12-27,113.04
Austria,2022-12-28,87.24
Austria,2022-12-29,49.68
Austria,2022-12-30,33.73
Austria,2022-12-31,4.57
Austria,2023-01-01,21.8
Austria,2023-01-02,110.92
Austria,2023-01-03,146.03
Austria,2023-01-04,134.93
Austria,2023-01-05,127.38
Austria,2023-01-06,124.55
Austria,2023-01-07,136.93
Austria,2023-01-08,104.7
Austria,2023-01-09,139.22
Austria,2023-01-10,135.51
Austria,2023-01-11,145.06
Austria,2023-01-12,159.7
Austria,2023-01-13,157.33
Austria,2023-01-14,122.98
Austria,2023-01-15,94.14
Austria,2023-01-16,153.58
Austria,2023-01-17,148.37
Austria,2023-01-18,154.33
Austria,2023-01-19,153.43
Austria,2023-01-20,180.35
Austria,2023-01-21,145.82
Austria,2023-01-22,153.93
Austria,2023-01-23,201.36
Austria,2023-01-24,203.15
Austria,2023-01-25,185.58
Austria,2023-01-26,170.19
Austria,2023-01-27,169.73
Austria,2023-01-28,149.34
Austria,2023-01-29,133.02
Austria,2023-01-30,145.17
Austria,2023-01-31,141.95
Austria,2023-02-01,144.59
Austria,2023-02-02,151.25
Austria,2023-02-03,141.78
Austria,2023-02-04,144.79
Austria,2023-02-05,129.73
Austria,2023-02-06,172.28
Austria,2023-02-07,176.33
Austria,2023-02-08,162.54
Austria,2023-02-09,152.48
Austria,2023-02-10,154.35
Austria,2023-02-11,144.45
Austria,2023-02-12,140.82
Austria,2023-02-13,167.02
Austria,2023-02-14,159.95
Austria,2023-02-15,156.86
Austria,2023-02-16,155.68
Austria,2023-02-17,146.33
Austria,2023-02-18,117.32
Austria,2023-02-19,115.99
Austria,2023-02-20,124.68
Austria,2023-02-21,136.8
Austria,2023-02-22,149.64
Austria,2023-02-23,148.15
Austria,2023-02-24,132.89
Austria,2023-02-25,107.66
Austria,2023-02-26,117.23
Austria,2023-02-27,150.65
Austria,2023-02-28,154.97
Austria,2023-03-01,150.96
Austria,2023-03-02,153.3
Austria,2023-03-03,148.85
Austria,2023-03-04,126.25
Austria,2023-03-05,126.93
Austria,2023-03-06,151.28
Austria,2023-03-07,138.08
Austria,2023-03-08,140.12
Austria,2023-03-09,130.23
Austria,2023-03-10,116.51
Austria,2023-03-11,108.44
Austria,2023-03-12,100.82
Austria,2023-03-13,96.55
Austria,2023-03-14,97.65
Austria,2023-03-15,127.47
Austria,2023-03-16,111.57
Austria,2023-03-17,98.63
Austria,2023-03-18,105.0
Austria,2023-03-19,104.85
Austria,2023-03-20,122.29
Austria,2023-03-21,116.87
Austria,2023-03-22,104.92
Austria,2023-03-23,103.52
Austria,2023-03-24,87.03
Austria,2023-03-25,41.92
Austria,2023-03-26,77.42
Austria,2023-03-27,92.56
Austria,2023-03-28,113.07
Austria,2023-03-29,116.92
Austria,2023-03-30,100.93
Austria,2023-03-31,99.11
Austria,2023-04-01,60.14
Austria,2023-04-02,70.0
Austria,2023-04-03,118.41
Austria,2023-04-04,129.69
Austria,2023-04-05,140.43
Austria,2023-04-06,124.72
Austria,2023-04-07,117.14
Austria,2023-04-08,120.27
Austria,2023-04-09,105.74
Austria,2023-04-10,67.87
Austria,2023-04-11,110.61
Austria,2023-04-12,111.86
Austria,2023-04-13,120.35
Austria,2023-04-14,128.09
Austria,2023-04-15,105.73
Austria,2023-04-16,108.11
Austria,2023-04-17,120.8
Austria,2023-04-18,113.02
Austria,2023-04-19,104.73
Austria,2023-04-20,112.0
Austria,2023-04-21,102.17
Austria,2023-04-22,86.81
Austria,2023-04-23,84.36
Austria,2023-04-24,104.95
Austria,2023-04-25,105.39
Austria,2023-04-26,112.45
Austria,2023-04-27,111.98
Austria,2023-04-28,107.17
Austria,2023-04-29,98.91
Austria,2023-04-30,75.54
Austria,2023-05-01,81.88
Austria,2023-05-02,106.52
Austria,2023-05-03,104.55
Austria,2023-05-04,96.48
Austria,2023-05-05,95.01
Austria,2023-05-06,87.36
Austria,2023-05-07,69.67
Austria,2023-05-08,96.62
Austria,2023-05-09,95.3
Austria,2023-05-10,105.73
Austria,2023-05-11,111.93
Austria,2023-05-12,101.42
Austria,2023-05-13,80.61
Austria,2023-05-14,75.93
Austria,2023-05-15,106.91
Austria,2023-05-16,86.58
Austria,2023-05-17,82.17
Austria,2023-05-18,78.38
Austria,2023-05-19,84.58
Austria,2023-05-20,51.14
Austria,2023-05-21,38.43
Austria,2023-05-22,94.67
Austria,2023-05-23,81.23
Austria,2023-05-24,96.76
Austria,2023-05-25,83.06
Austria,2023-05-26,68.83
Austria,2023-05-27,57.51
Austria,2023-05-28,30.87
Austria,2023-05-29,29.98
Austria,2023-05-30,79.83
Austria,2023-05-31,75.77
Austria,2023-06-01,73.07
Austria,2023-06-02,77.8
Austria,2023-06-03,55.27
Austria,2023-06-04,45.84
Austria,2023-06-05,87.49
Austria,2023-06-06,93.23
Austria,2023-06-07,96.73
Austria,2023-06-08,81.81
Austria,2023-06-09,84.28
Austria,2023-06-10,55.68
Austria,2023-06-11,39.42
Austria,2023-06-12,91.37
Austria,2023-06-13,95.09
Austria,2023-06-14,103.29
Austria,2023-06-15,119.01
Austria,2023-06-16,124.44
Austria,2023-06-17,100.77
Austria,2023-06-18,87.39
Austria,2023-06-19,120.8
Austria,2023-06-20,121.82
Austria,2023-06-21,125.98
Austria,2023-06-22,123.62
Austria,2023-06-23,108.96
Austria,2023-06-24,83.74
Austria,2023-06-25,74.47
Austria,2023-06-26,98.38
Austria,2023-06-27,104.53
Austria,2023-06-28,113.19
Austria,2023-06-29,116.83
Austria,2023-06-30,109.64
Austria,2023-07-01,61.18
Austria,2023-07-02,-1.05
Austria,2023-07-03,77.03
Austria,2023-07-04,103.54
Austria,2023-07-05,95.86
Austria,2023-07-06,108.6
Austria,2023-07-07,102.78
Austria,2023-07-08,79.47
Austria,2023-07-09,83.22
Austria,2023-07-10,113.79
Austria,2023-07-11,111.91
Austria,2023-07-12,107.09
Austria,2023-07-13,106.45
Austria,2023-07-14,96.54
Austria,2023-07-15,42.68
Austria,2023-07-16,35.65
Austria,2023-07-17,96.66
Austria,2023-07-18,107.66
Austria,2023-07-19,101.97
Austria,2023-07-20,99.07
Austria,2023-07-21,104.67
Austria,2023-07-22,75.2
Austria,2023-07-23,37.75
Austria,2023-07-24,93.0
Austria,2023-07-25,101.49
Austria,2023-07-26,94.79
Austria,2023-07-27,96.19
Austria,2023-07-28,95.55
Austria,2023-07-29,72.94
Austria,2023-07-30,36.26
Austria,2023-07-31,75.04
Austria,2023-08-01,81.99
Austria,2023-08-02,66.49
Austria,2023-08-03,59.15
Austria,2023-08-04,90.55
Austria,2023-08-05,81.28
Austria,2023-08-06,41.48
Austria,2023-08-07,28.69
Austria,2023-08-08,32.39
Austria,2023-08-09,87.62
Austria,2023-08-10,94.68
Austria,2023-08-11,90.49
Austria,2023-08-12,71.28
Austria,2023-08-13,60.45
Austria,2023-08-14,93.17
Austria,2023-08-15,85.68
Austria,2023-08-16,109.64
Austria,2023-08-17,108.06
Austria,2023-08-18,106.0
Austria,2023-08-19,84.03
Austria,2023-08-20,84.45
Austria,2023-08-21,118.43
Austria,2023-08-22,124.1
Austria,2023-08-23,143.43
Austria,2023-08-24,142.51
Austria,2023-08-25,124.36
Austria,2023-08-26,100.68
Austria,2023-08-27,99.1
Austria,2023-08-28,118.68
Austria,2023-08-29,124.24
Austria,2023-08-30,114.77
Austria,2023-08-31,106.14
Austria,2023-09-01,109.26
Austria,2023-09-02,95.17
Austria,2023-09-03,81.37
Austria,2023-09-04,104.91
Austria,2023-09-05,104.67
Austria,2023-09-06,105.43
Austria,2023-09-07,101.48
Austria,2023-09-08,107.07
Austria,2023-09-09,93.69
Austria,2023-09-10,84.68
Austria,2023-09-11,130.88
Austria,2023-09-12,130.82
Austria,2023-09-13,110.41
Austria,2023-09-14,120.61
Austria,2023-09-15,109.71
Austria,2023-09-16,92.77
Austria,2023-09-17,78.41
Austria,2023-09-18,91.04
Austria,2023-09-19,69.63
Austria,2023-09-20,79.88
Austria,2023-09-21,103.48
Austria,2023-09-22,105.03
Austria,2023-09-23,96.99
Austria,2023-09-24,66.77
Austria,2023-09-25,108.08
Austria,2023-09-26,126.7
Austria,2023-09-27,123.04
Austria,2023-09-28,112.69
Austria,2023-09-29,105.04
Austria,2023-09-30,92.3
Austria,2023-10-01,76.93
Austria,2023-10-02,114.61
Austria,2023-10-03,74.84
Austria,2023-10-04,82.77
Austria,2023-10-05,103.28
Austria,2023-10-06,90.4
Austria,2023-10-07,59.37
Austria,2023-10-08,85.91
Austria,2023-10-09,108.4
Austria,2023-10-10,120.66
Austria,2023-10-11,102.68
Austria,2023-10-12,127.52
Austria,2023-10-13,107.97
Austria,2023-10-14,83.7
Austria,2023-10-15,73.56
Austria,2023-10-16,135.32
Austria,2023-10-17,136.5
Austria,2023-10-18,110.78
Austria,2023-10-19,110.79
Austria,2023-10-20,98.36
Austria,2023-10-21,66.86
Austria,2023-10-22,71.5
Austria,2023-10-23,124.75
Austria,2023-10-24,122.13
Austria,2023-10-25,124.29
Austria,2023-10-26,123.08
Austria,2023-10-27,117.93
Austria,2023-10-28,75.2
Austria,2023-10-29,41.02
Austria,2023-10-30,103.92
Austria,2023-10-31,104.78
Austria,2023-11-01,61.07
Austria,2023-11-02,66.12
Austria,2023-11-03,65.25
Austria,2023-11-04,28.89
Austria,2023-11-05,28.77
Austria,2023-11-06,71.02
Austria,2023-11-07,101.54
Austria,2023-11-08,92.57
Austria,2023-11-09,99.9
Austria,2023-11-10,99.83
Austria,2023-11-11,96.23
Austria,2023-11-12,95.38
Austria,2023-11-13,103.68
Austria,2023-11-14,76.23
Austria,2023-11-15,100.51
Austria,2023-11-16,116.02
Austria,2023-11-17,118.95
Austria,2023-11-18,90.31
Austria,2023-11-19,46.09
Austria,2023-11-20,105.63
Austria,2023-11-21,123.11
Austria,2023-11-22,110.51
Austria,2023-11-23,81.06
Austria,2023-11-24,77.6
Austria,2023-11-25,94.76
Austria,2023-11-26,108.13
Austria,2023-11-27,122.14
Austria,2023-11-28,123.25
Austria,2023-11-29,136.68
Austria,2023-11-30,163.49
Austria,2023-12-01,158.09
Austria,2023-12-02,117.42
Austria,2023-12-03,106.54
Austria,2023-12-04,124.12
Austria,2023-12-05,123.03
Austria,2023-12-06,133.59
Austria,2023-12-07,116.72
Austria,2023-12-08,104.6
Austria,2023-12-09,83.36
Austria,2023-12-10,65.57
Austria,2023-12-11,97.11
Austria,2023-12-12,108.66
Austria,2023-12-13,100.34
Austria,2023-12-14,106.62
Austria,2023-12-15,94.39
Austria,2023-12-16,73.04
Austria,2023-12-17,59.68
Austria,2023-12-18,84.07
Austria,2023-12-19,82.36
Austria,2023-12-20,69.4
Austria,2023-12-21,52.81
Austria,2023-12-22,34.36
Austria,2023-12-23,28.91
Austria,2023-12-24,-0.26
Austria,2023-12-25,0.26
Austria,2023-12-26,19.02
Austria,2023-12-27,61.37
Austria,2023-12-28,30.77
Austria,2023-12-29,18.38
Austria,2023-12-30,32.69
Austria,2023-12-31,12.06
Austria,2024-01-01,16.19
Austria,2024-01-02,57.54
Austria,2024-01-03,51.66
Austria,2024-01-04,82.79
Austria,2024-01-05,93.32
Austria,2024-01-06,86.64
Austria,2024-01-07,83.19
Austria,2024-01-08,101.5
Austria,2024-01-09,110.17
Austria,2024-01-10,112.7
Austria,2024-01-11,109.07
Austria,2024-01-12,105.29
Austria,2024-01-13,80.11
Austria,2024-01-14,74.89
Austria,2024-01-15,90.81
Austria,2024-01-16,103.6
Austria,2024-01-17,100.34
Austria,2024-01-18,95.06
Austria,2024-01-19,81.72
Austria,2024-01-20,74.04
Austria,2024-01-21,57.56
Austria,2024-01-22,69.4
Austria,2024-01-23,70.62
Austria,2024-01-24,66.07
Austria,2024-01-25,78.05
Austria,2024-01-26,73.94
Austria,2024-01-27,67.96
Austria,2024-01-28,63.67
Austria,2024-01-29,80.88
Austria,2024-01-30,79.34
Austria,2024-01-31,80.39
Austria,2024-02-01,82.16
Austria,2024-02-02,74.38
Austria,2024-02-03,51.16
Austria,2024-02-04,35.05
Austria,2024-02-05,58.79
Austria,2024-02-06,58.31
Austria,2024-02-07,78.3
Austria,2024-02-08,87.34
Austria,2024-02-09,73.32
Austria,2024-02-10,69.7
Austria,2024-02-11,60.43
Austria,2024-02-12,75.05
Austria,2024-02-13,74.31
Austria,2024-02-14,71.18
Austria,2024-02-15,71.73
Austria,2024-02-16,62.92
Austria,2024-02-17,66.3
Austria,2024-02-18,54.14
Austria,2024-02-19,67.41
Austria,2024-02-20,65.24
Austria,2024-02-21,61.18
Austria,2024-02-22,52.67
Austria,2024-02-23,52.51
Austria,2024-02-24,57.32
Austria,2024-02-25,57.2
Austria,2024-02-26,65.62
Austria,2024-02-27,74.31
Austria,2024-02-28,73.02
Austria,2024-02-29,65.97
Austria,2024-03-01,70.05
Austria,2024-03-02,63.0
Austria,2024-03-03,60.05
Austria,2024-03-04,75.93
Austria,2024-03-05,75.74
Austria,2024-03-06,83.0
Austria,2024-03-07,76.46
Austria,2024-03-08,69.54
Austria,2024-03-09,49.29
Austria,2024-03-10,43.65
Austria,2024-03-11,73.59
Austria,2024-03-12,82.15
Austria,2024-03-13,73.64
Austria,2024-03-14,69.98
Austria,2024-03-15,60.16
Austria,2024-03-16,52.03
Austria,2024-03-17,58.45
Austria,2024-03-18,79.49
Austria,2024-03-19,81.93
Austria,2024-03-20,86.84
Austria,2024-03-21,78.92
Austria,2024-03-22,66.38
Austria,2024-03-23,35.81
Austria,2024-03-24,25.76
Austria,2024-03-25,77.46
Austria,2024-03-26,64.46
Austria,2024-03-27,67.78
Austria,2024-03-28,47.88
Austria,2024-03-29,36.92
Austria,2024-03-30,38.76
Austria,2024-03-31,23.52
Austria,2024-04-01,19.1
Austria,2024-04-02,41.73
Austria,2024-04-03,73.03
Austria,2024-04-04,61.38
Austria,2024-04-05,49.86
Austria,2024-04-06,28.4
Austria,2024-04-07,23.45
Austria,2024-04-08,60.84
Austria,2024-04-09,50.22
Austria,2024-04-10,65.38
Austria,2024-04-11,58.94
Austria,2024-04-12,56.01
Austria,2024-04-13,17.98
Austria,2024-04-14,15.85
Austria,2024-04-15,61.31
Austria,2024-04-16,60.48
Austria,2024-04-17,87.69
Austria,2024-04-18,87.81
Austria,2024-04-19,61.93
Austria,2024-04-20,55.3
Austria,2024-04-21,51.71
Austria,2024-04-22,94.63
Austria,2024-04-23,96.27
Austria,2024-04-24,91.76
Austria,2024-04-25,91.51
Austria,2024-04-26,86.85
Austria,2024-04-27,55.51
Austria,2024-04-28,18.29
Austria,2024-04-29,78.36
Austria,2024-04-30,64.37
Austria,2024-05-01,4.06
Austria,2024-05-02,43.22
Austria,2024-05-03,71.93
Austria,2024-05-04,65.11
Austria,2024-05-05,47.55
Austria,2024-05-06,83.48
Austria,2024-05-07,90.37
Austria,2024-05-08,86.72
Austria,2024-05-09,55.55
Austria,2024-05-10,69.06
Austria,2024-05-11,50.42
Austria,2024-05-12,17.18
Austria,2024-05-13,50.48
Austria,2024-05-14,29.13
Austria,2024-05-15,40.19
Austria,2024-05-16,48.74
Austria,2024-05-17,66.53
Austria,2024-05-18,52.54
Austria,2024-05-19,45.93
Austria,2024-05-20,51.3
Austria,2024-05-21,77.12
Austria,2024-05-22,82.21
Austria,2024-05-23,91.45
Austria,2024-05-24,95.33
Austria,2024-05-25,69.22
Austria,2024-05-26,55.95
Austria,2024-05-27,98.6
Austria,2024-05-28,90.03
Austria,2024-05-29,83.24
Austria,2024-05-30,85.7
Austria,2024-05-31,90.95
Austria,2024-06-01,57.64
Austria,2024-06-02,33.04
Austria,2024-06-03,103.3
Austria,2024-06-04,102.33
Austria,2024-06-05,88.46
Austria,2024-06-06,89.97
Austria,2024-06-07,82.32
Austria,2024-06-08,42.03
Austria,2024-06-09,29.23
Austria,2024-06-10,87.08
Austria,2024-06-11,66.94
Austria,2024-06-12,84.51
Austria,2024-06-13,85.35
Austria,2024-06-14,73.85
Austria,2024-06-15,11.65
Austria,2024-06-16,26.54
Austria,2024-06-17,82.55
Austria,2024-06-18,86.1
Austria,2024-06-19,75.94
Austria,2024-06-20,79.92
Austria,2024-06-21,82.41
Austria,2024-06-22,39.93
Austria,2024-06-23,44.49
Austria,2024-06-24,80.56
Austria,2024-06-25,78.07
Austria,2024-06-26,87.99
Austria,2024-06-27,84.33
Austria,2024-06-28,66.55
Austria,2024-06-29,55.5
Austria,2024-06-30,41.02
Austria,2024-07-01,82.61
Austria,2024-07-02,80.93
Austria,2024-07-03,82.52
Austria,2024-07-04,48.66
Austria,2024-07-05,40.85
Austria,2024-07-06,3.28
Austria,2024-07-07,29.46
Austria,2024-07-08,83.19
Austria,2024-07-09,66.17
Austria,2024-07-10,66.7
Austria,2024-07-11,73.35
Austria,2024-07-12,67.65
Austria,2024-07-13,27.86
Austria,2024-07-14,18.41
Austria,2024-07-15,72.02
Austria,2024-07-16,60.19
Austria,2024-07-17,72.5
Austria,2024-07-18,80.95
Austria,2024-07-19,77.52
Austria,2024-07-20,58.29
Austria,2024-07-21,47.22
Austria,2024-07-22,79.85
Austria,2024-07-23,79.2
Austria,2024-07-24,70.3
Austria,2024-07-25,79.25
Austria,2024-07-26,88.11
Austria,2024-07-27,71.54
Austria,2024-07-28,41.56
Austria,2024-07-29,69.68
Austria,2024-07-30,74.1
Austria,2024-07-31,79.52
Austria,2024-08-01,89.16
Austria,2024-08-02,86.36
Austria,2024-08-03,66.03
Austria,2024-08-04,56.15
Austria,2024-08-05,91.34
Austria,2024-08-06,84.27
Austria,2024-08-07,84.83
Austria,2024-08-08,87.4
Austria,2024-08-09,66.55
Austria,2024-08-10,52.35
Austria,2024-08-11,51.3
Austria,2024-08-12,89.36
Austria,2024-08-13,97.46
Austria,2024-08-14,102.93
Austria,2024-08-15,81.47
Austria,2024-08-16,100.16
Austria,2024-08-17,94.32
Austria,2024-08-18,79.45
Austria,2024-08-19,99.03
Austria,2024-08-20,94.86
Austria,2024-08-21,77.08
Austria,2024-08-22,90.46
Austria,2024-08-23,79.74
Austria,2024-08-24,55.71
Austria,2024-08-25,44.88
Austria,2024-08-26,99.82
Austria,2024-08-27,101.29
Austria,2024-08-28,105.36
Austria,2024-08-29,111.96
Austria,2024-08-30,112.51
Austria,2024-08-31,85.2
Austria,2024-09-01,71.21
Austria,2024-09-02,114.59
Austria,2024-09-03,141.19
Austria,2024-09-04,125.58
Austria,2024-09-05,108.05
Austria,2024-09-06,109.31
Austria,2024-09-07,79.75
Austria,2024-09-08,71.82
Austria,2024-09-09,108.4
Austria,2024-09-10,84.51
Austria,2024-09-11,90.06
Austria,2024-09-12,105.3
Austria,2024-09-13,82.41
Austria,2024-09-14,57.26
Austria,2024-09-15,58.64
Austria,2024-09-16,102.82
Austria,2024-09-17,98.25
Austria,2024-09-18,84.54
Austria,2024-09-19,79.73
Austria,2024-09-20,75.45
Austria,2024-09-21,65.03
Austria,2024-09-22,64.85
Austria,2024-09-23,100.96
Austria,2024-09-24,87.77
Austria,2024-09-25,78.35
Austria,2024-09-26,56.5
Austria,2024-09-27,39.62
Austria,2024-09-28,36.85
Austria,2024-09-29,45.4
Austria,2024-09-30,47.82
Austria,2024-10-01,75.6
Austria,2024-10-02,95.33
Austria,2024-10-03,84.43
Austria,2024-10-04,96.91
Austria,2024-10-05,84.04
Austria,2024-10-06,56.64
Austria,2024-10-07,87.36
Austria,2024-10-08,78.06
Austria,2024-10-09,80.02
Austria,2024-10-10,61.24
Austria,2024-10-11,89.67
Austria,2024-10-12,56.18
Austria,2024-10-13,20.65
Austria,2024-10-14,106.65
Austria,2024-10-15,93.96
Austria,2024-10-16,42.76
Austria,2024-10-17,68.94
Austria,2024-10-18,86.25
Austria,2024-10-19,70.52
Austria,2024-10-20,31.92
Austria,2024-10-21,87.32
Austria,2024-10-22,100.59
Austria,2024-10-23,112.01
Austria,2024-10-24,104.89
Austria,2024-10-25,108.33
Austria,2024-10-26,95.25
Austria,2024-10-27,83.04
Austria,2024-10-28,113.86
Austria,2024-10-29,135.64
Austria,2024-10-30,128.24
Austria,2024-10-31,109.66
Austria,2024-11-01,82.03
Austria,2024-11-02,103.54
Austria,2024-11-03,92.17
Austria,2024-11-04,131.31
Austria,2024-11-05,150.06
Austria,2024-11-06,205.97
Austria,2024-11-07,161.06
Austria,2024-11-08,117.15
Austria,2024-11-09,113.18
Austria,2024-11-10,111.79
Austria,2024-11-11,124.2
Austria,2024-11-12,164.25
Austria,2024-11-13,200.55
Austria,2024-11-14,146.66
Austria,2024-11-15,134.54
Austria,2024-11-16,121.15
Austria,2024-11-17,103.47
Austria,2024-11-18,126.75
Austria,2024-11-19,137.28
Austria,2024-11-20,127.64
Austria,2024-11-21,129.33
Austria,2024-11-22,121.48
Austria,2024-11-23,105.41
Austria,2024-11-24,99.21
Austria,2024-11-25,119.43
Austria,2024-11-26,141.25
Austria,2024-11-27,149.09
Austria,2024-11-28,133.37
Austria,2024-11-29,138.02
Austria,2024-11-30,114.83
Austria,2024-12-01,106.95
Austria,2024-12-02,123.33
Austria,2024-12-03,158.18
Austria,2024-12-04,183.01
Austria,2024-12-05,135.45
Austria,2024-12-06,129.43
Austria,2024-12-07,109.2
Austria,2024-12-08,107.15
Austria,2024-12-09,122.13
Austria,2024-12-10,155.13
Austria,2024-12-11,239.14
Austria,2024-12-12,328.77
Austria,2024-12-13,184.26
Austria,2024-12-14,117.25
Austria,2024-12-15,96.03
Austria,2024-12-16,108.63
Austria,2024-12-17,115.79
Austria,2024-12-18,122.49
Austria,2024-12-19,108.36
Austria,2024-12-20,90.53
Austria,2024-12-21,69.63
Austria,2024-12-22,73.0
Austria,2024-12-23,90.32
Austria,2024-12-24,100.07
Austria,2024-12-25,93.12
Austria,2024-12-26,107.61
Austria,2024-12-27,121.79
Austria,2024-12-28,122.12
Austria,2024-12-29,110.49
Austria,2024-12-30,118.13
Austria,2024-12-31,116.13
